<?xml version="1.0" encoding="utf-8"?>
<parameters version="1.5" xsi:schemaLocation="http://www.wldelft.nl/fews/PI pi_modelparameters.xsd" xmlns:xsi="http://www.w3.org/2001/XMLSchema-instance" xmlns="http://www.wldelft.nl/fews/PI">
  <group id="default">
    <parameter id="MV">
      <intValue>0</intValue>
    </parameter>
    <parameter id="MBASE">
      <dblValue>0.0</dblValue>
    </parameter>
    <parameter id="TAELEV">
      <dblValue>1298.0</dblValue>
    </parameter>
    <parameter id="TIPM">
      <dblValue>0.1</dblValue>
    </parameter>
    <parameter id="SCF">
      <dblValue>1.05</dblValue>
    </parameter>
    <parameter id="PXTEMP">
      <dblValue>1.7</dblValue>
    </parameter>
    <parameter id="SASC_OUTPUT_TS_INTERVAL">
      <intValue>6</intValue>
    </parameter>
    <parameter id="SI">
      <dblValue>999.0</dblValue>
    </parameter>
    <parameter id="ELEV">
      <dblValue>1298.0</dblValue>
    </parameter>
    <parameter id="PXADJ">
      <dblValue>1.0</dblValue>
    </parameter>
    <parameter id="SWE_OUTPUT_TS_INTERVAL">
      <intValue>6</intValue>
    </parameter>
    <parameter id="UADJ">
      <dblValue>0.0</dblValue>
    </parameter>
    <parameter id="MFMIN">
      <dblValue>0.15</dblValue>
    </parameter>
    <parameter id="SNSG_OUTPUT_TS_INTERVAL">
      <intValue>6</intValue>
    </parameter>
    <parameter id="WETOL[0., 1.0]">
      <dblValue>0.0</dblValue>
    </parameter>
    <parameter id="NMF">
      <dblValue>0.15</dblValue>
    </parameter>
    <parameter id="AREA_ELEV_CURVE(METR)">
      <table>
        <columnTypes A="double" B="double"/>
        <row A="915.0" B="0.0"/>
        <row A="969.0" B="0.09"/>
        <row A="1043.0" B="0.2"/>
        <row A="1132.0" B="0.32"/>
        <row A="1248.0" B="0.48"/>
        <row A="1342.0" B="0.6"/>
        <row A="1527.0" B="0.8"/>
        <row A="1605.0" B="0.87"/>
        <row A="1735.0" B="0.94"/>
        <row A="1828.0" B="0.97"/>
        <row A="1959.0" B="0.99"/>
        <row A="2238.0" B="1.0"/>
      </table>
    </parameter>
    <parameter id="SCTOL[0., 1.0]">
      <dblValue>0.0</dblValue>
    </parameter>
    <parameter id="ALAT">
      <dblValue>59.8</dblValue>
    </parameter>
    <parameter id="MFMAX">
      <dblValue>0.7</dblValue>
    </parameter>
    <parameter id="PLWHC">
      <dblValue>0.1</dblValue>
    </parameter>
    <parameter id="RAIN_SNOW_ELEV_INPUT_OPTION">
      <boolValue>true</boolValue>
    </parameter>
    <parameter id="DAYGM">
      <dblValue>0.0</dblValue>
    </parameter>
    <parameter id="AREA_DEPLETION_CURVE">
      <table>
        <columnTypes A="double"/>
        <row A="0.05"/>
        <row A="0.25"/>
        <row A="0.38"/>
        <row A="0.43"/>
        <row A="0.46"/>
        <row A="0.48"/>
        <row A="0.5"/>
        <row A="0.54"/>
        <row A="0.6"/>
        <row A="0.71"/>
        <row A="1.0"/>
      </table>
    </parameter>
  </group>
</parameters>