<?xml version="1.0" encoding="utf-8"?>
<parameters version="1.5" xsi:schemaLocation="http://www.wldelft.nl/fews/PI pi_modelparameters.xsd" xmlns:xsi="http://www.w3.org/2001/XMLSchema-instance" xmlns="http://www.wldelft.nl/fews/PI">
  <modifierType>BASEFLOW</modifierType>
  <modifierType>UNITHG</modifierType>
  <group id= "default">
    <parameter id="UHG_DURATION">
      <intValue>6</intValue>
    </parameter>
    <parameter id="UNIT">
      <stringValue>ENGLISH</stringValue>
    </parameter>
    <parameter id="UHG_INTERVAL">
      <intValue>6</intValue>
    </parameter>
    <parameter id="DRAINAGE_AREA">
      <dblValue>720.0</dblValue>
    </parameter>
    <parameter id="CONSTANT_BASE_FLOW">
      <dblValue>0.0</dblValue>
    </parameter>
    <parameter id="UHG_ORDINATES">
      <table>
        <columnTypes A="double"/>
        <row A="467.0"/>
        <row A="618.0"/>
        <row A="769.0"/>
        <row A="1189.0"/>
        <row A="1607.0"/>
        <row A="2107.0"/>
        <row A="2606.0"/>
        <row A="2944.0"/>
        <row A="3283.0"/>
        <row A="3834.0"/>
        <row A="4384.0"/>
        <row A="4688.0"/>
        <row A="4993.0"/>
        <row A="4871.0"/>
        <row A="4749.0"/>
        <row A="4177.0"/>
        <row A="3605.0"/>
        <row A="3531.0"/>
        <row A="3459.0"/>
        <row A="3239.0"/>
        <row A="3020.0"/>
        <row A="2752.0"/>
        <row A="2484.0"/>
        <row A="2021.0"/>
        <row A="1558.0"/>
        <row A="1290.0"/>
        <row A="1023.0"/>
        <row A="828.0"/>
        <row A="633.0"/>
        <row A="411.0"/>
        <row A="189.0"/>
        <row A="95.0"/>
        <row A="0.0"/>
        <row A="0.0"/>
        <row A="0.0"/>
        <row A="0.0"/>
        <row A="0.0"/>
        <row A="0.0"/>
        <row A="0.0"/>
        <row A="0.0"/>
        <row A="0.0"/>
        <row A="0.0"/>
      </table>
    </parameter>
  </group>
</parameters>