<?xml version="1.0" encoding="utf-8"?>
<parameters version="1.5" xsi:schemaLocation="http://www.wldelft.nl/fews/PI http://chps1/schemas/pi-schemas/pi_modelparameters.xsd" xmlns:xsi="http://www.w3.org/2001/XMLSchema-instance" xmlns="http://www.wldelft.nl/fews/PI">
	<group id="default">
		<parameter id="MV">
			<intValue>0</intValue>
		</parameter>
		<parameter id="MBASE">
			<dblValue>0.0</dblValue>
		</parameter>
		<parameter id="TAELEV">
			<dblValue>242.5</dblValue>
		</parameter>
		<parameter id="TIPM">
			<dblValue>0.1</dblValue>
		</parameter>
		<parameter id="SCF">
			<dblValue>1.0</dblValue>
		</parameter>
		<parameter id="PXTEMP">
			<dblValue>1.0</dblValue>
		</parameter>
		<parameter id="SASC_OUTPUT_TS_INTERVAL">
			<intValue>6</intValue>
		</parameter>
		<parameter id="SI">
			<dblValue>999.0</dblValue>
		</parameter>
		<parameter id="ELEV">
			<dblValue>242.5</dblValue>
		</parameter>
		<parameter id="PXADJ">
			<dblValue>1.0</dblValue>
		</parameter>
		<parameter id="SWE_OUTPUT_TS_INTERVAL">
			<intValue>6</intValue>
		</parameter>
		<parameter id="UADJ">
			<dblValue>0.1</dblValue>
		</parameter>
		<parameter id="MFMIN">
			<dblValue>0.1</dblValue>
		</parameter>
		<parameter id="SNSG_OUTPUT_TS_INTERVAL">
			<intValue>24</intValue>
		</parameter>
		<parameter id="WETOL[0., 1.0]">
			<dblValue>0.0</dblValue>
		</parameter>
		<parameter id="NMF">
			<dblValue>0.2</dblValue>
		</parameter>
		<parameter id="AREA_ELEV_CURVE(METR)">
			<table>
				<columnTypes A="double" B="double"/>
				<row A="42" B="0"/>
				<row A="54" B="0.05"/>
				<row A="74" B="0.1"/>
				<row A="101" B="0.15"/>
				<row A="113" B="0.2"/>
				<row A="130" B="0.25"/>
				<row A="147" B="0.3"/>
				<row A="166" B="0.35"/>
				<row A="186" B="0.4"/>
				<row A="205" B="0.45"/>
				<row A="225" B="0.5"/>
				<row A="247" B="0.55"/>
				<row A="274" B="0.6"/>
				<row A="303" B="0.65"/>
				<row A="337" B="0.7"/>
				<row A="374" B="0.75"/>
				<row A="413" B="0.8"/>
				<row A="457" B="0.85"/>
				<row A="503" B="0.9"/>
				<row A="554" B="0.95"/>
				<row A="642" B="1"/>
			</table>
		</parameter>
		<parameter id="SCTOL[0., 1.0]">
			<dblValue>0.0</dblValue>
		</parameter>
		<parameter id="ALAT">
			<dblValue>66.9</dblValue>
		</parameter>
		<parameter id="MFMAX">
			<dblValue>0.8</dblValue>
		</parameter>
		<parameter id="PLWHC">
			<dblValue>0.1</dblValue>
		</parameter>
		<parameter id="RAIN_SNOW_ELEV_INPUT_OPTION">
			<boolValue>true</boolValue>
		</parameter>
		<parameter id="DAYGM">
			<dblValue>0.0</dblValue>
		</parameter>
		<parameter id="AREA_DEPLETION_CURVE">
			<table>
				<columnTypes A="double"/>
				<row A="0.05"/>
				<row A="0.13"/>
				<row A="0.27"/>
				<row A="0.4"/>
				<row A="0.5"/>
				<row A="0.58"/>
				<row A="0.64"/>
				<row A="0.69"/>
				<row A="0.74"/>
				<row A="0.82"/>
				<row A="1.0"/>
			</table>
		</parameter>
	</group>
</parameters>
