<?xml version="1.0" encoding="utf-8"?>
<parameters version="1.5" xsi:schemaLocation="http://www.wldelft.nl/fews/PI pi_modelparameters.xsd" xmlns:xsi="http://www.w3.org/2001/XMLSchema-instance" xmlns="http://www.wldelft.nl/fews/PI">
  <group id="default">
    <parameter id="REXP">
      <dblValue>4.5</dblValue>
    </parameter>
    <parameter id="SASC_INPUT_OPTION">
      <boolValue>true</boolValue>
    </parameter>
    <parameter id="LZPK">
      <dblValue>0.0060</dblValue>
    </parameter>
    <parameter id="UZK">
      <dblValue>0.4</dblValue>
    </parameter>
    <parameter id="SIDE">
      <dblValue>0.0</dblValue>
    </parameter>
    <parameter id="LZFPM">
      <dblValue>80.0</dblValue>
    </parameter>
    <parameter id="PXADJ">
      <dblValue>1.0</dblValue>
    </parameter>
    <parameter id="PFREE">
      <dblValue>0.3</dblValue>
    </parameter>
    <parameter id="LZSK">
      <dblValue>0.05</dblValue>
    </parameter>
    <parameter id="LZFSM">
      <dblValue>55.0</dblValue>
    </parameter>
    <parameter id="ZPERC">
      <dblValue>200.0</dblValue>
    </parameter>
    <parameter id="RIVA">
      <dblValue>0.025</dblValue>
    </parameter>
    <parameter id="PEADJ">
      <dblValue>1.0</dblValue>
    </parameter>
    <parameter id="UZTWM">
      <dblValue>20.0</dblValue>
    </parameter>
    <parameter id="UZFWM">
      <dblValue>10.0</dblValue>
    </parameter>
    <parameter id="LZTWM">
      <dblValue>80.0</dblValue>
    </parameter>
    <parameter id="RSERV">
      <dblValue>0.3</dblValue>
    </parameter>
    <parameter id="PCTIM">
      <dblValue>0.015</dblValue>
    </parameter>
    <parameter id="ADIMP">
      <dblValue>0.02</dblValue>
    </parameter>
    <parameter id="EFC">
      <dblValue>0.65</dblValue>
    </parameter>
    <parameter id="ET_DEMAND_CURVE">
      <table>
        <columnTypes A="double"/>
        <row A="0.1"/>
        <row A="0.1"/>
        <row A="0.4"/>
        <row A="1.2"/>
        <row A="2.9"/>
        <row A="4.0"/>
        <row A="3.9"/>
        <row A="3.2"/>
        <row A="1.8"/>
        <row A="1.0"/>
        <row A="0.3"/>
        <row A="0.1"/>
      </table>
    </parameter>
  </group>
</parameters>