<?xml version="1.0" encoding="utf-8"?>
<parameters version="1.5" xsi:schemaLocation="http://www.wldelft.nl/fews/PI pi_modelparameters.xsd" xmlns:xsi="http://www.w3.org/2001/XMLSchema-instance" xmlns="http://www.wldelft.nl/fews/PI">
  <group id="default">
    <parameter id="MV">
      <intValue>0</intValue>
    </parameter>
    <parameter id="MBASE">
      <dblValue>0.0</dblValue>
    </parameter>
    <parameter id="TAELEV">
      <dblValue>1082.0</dblValue>
    </parameter>
    <parameter id="TIPM">
      <dblValue>0.1</dblValue>
    </parameter>
    <parameter id="SCF">
      <dblValue>1.0</dblValue>
    </parameter>
    <parameter id="PXTEMP">
      <dblValue>1.7</dblValue>
    </parameter>
    <parameter id="SASC_OUTPUT_TS_INTERVAL">
      <intValue>6</intValue>
    </parameter>
    <parameter id="SI">
      <dblValue>450.0</dblValue>
    </parameter>
    <parameter id="ELEV">
      <dblValue>1082.0</dblValue>
    </parameter>
    <parameter id="PXADJ">
      <dblValue>1.0</dblValue>
    </parameter>
    <parameter id="AREA_ELEV_CURVE(ENGL)">
      <table>
        <columnTypes A="double" B="double"/>
        <row A="3000.0" B="0.0"/>
        <row A="3100.0" B="0.14"/>
        <row A="3200.0" B="0.24"/>
        <row A="3300.0" B="0.34"/>
        <row A="3400.0" B="0.42"/>
        <row A="3550.0" B="0.52"/>
        <row A="3800.0" B="0.68"/>
        <row A="4020.0" B="0.8"/>
        <row A="4200.0" B="0.88"/>
        <row A="4395.0" B="0.94"/>
        <row A="4650.0" B="0.96"/>
        <row A="4900.0" B="0.99"/>
        <row A="5500.0" B="1.0"/>
      </table>
    </parameter>
    <parameter id="SWE_OUTPUT_TS_INTERVAL">
      <intValue>6</intValue>
    </parameter>
    <parameter id="UADJ">
      <dblValue>0.01</dblValue>
    </parameter>
    <parameter id="MFMIN">
      <dblValue>0.25</dblValue>
    </parameter>
    <parameter id="SNSG_OUTPUT_TS_INTERVAL">
      <intValue>24</intValue>
    </parameter>
    <parameter id="WETOL[0., 1.0]">
      <dblValue>0.0</dblValue>
    </parameter>
    <parameter id="NMF">
      <dblValue>0.15</dblValue>
    </parameter>
    <parameter id="SCTOL[0., 1.0]">
      <dblValue>0.0</dblValue>
    </parameter>
    <parameter id="ALAT">
      <dblValue>61.5</dblValue>
    </parameter>
    <parameter id="MFMAX">
      <dblValue>0.6</dblValue>
    </parameter>
    <parameter id="PLWHC">
      <dblValue>0.05</dblValue>
    </parameter>
    <parameter id="RAIN_SNOW_ELEV_INPUT_OPTION">
      <boolValue>true</boolValue>
    </parameter>
    <parameter id="DAYGM">
      <dblValue>0.0</dblValue>
    </parameter>
    <parameter id="AREA_DEPLETION_CURVE">
      <table>
        <columnTypes A="double"/>
        <row A="0.05"/>
        <row A="0.26"/>
        <row A="0.37"/>
        <row A="0.41"/>
        <row A="0.46"/>
        <row A="0.49"/>
        <row A="0.55"/>
        <row A="0.65"/>
        <row A="0.77"/>
        <row A="0.9"/>
        <row A="1.0"/>
      </table>
    </parameter>
  </group>
</parameters>