<?xml version="1.0" encoding="utf-8"?>
<parameters version="1.5" xsi:schemaLocation="http://www.wldelft.nl/fews/PI pi_modelparameters.xsd" xmlns:xsi="http://www.w3.org/2001/XMLSchema-instance" xmlns="http://www.wldelft.nl/fews/PI">
  <group id="default">
    <parameter id="MV">
      <intValue>0</intValue>
    </parameter>
    <parameter id="MBASE">
      <dblValue>-1.0</dblValue>
    </parameter>
    <parameter id="TAELEV">
      <dblValue>331.0</dblValue>
    </parameter>
    <parameter id="TIPM">
      <dblValue>0.2</dblValue>
    </parameter>
    <parameter id="SCF">
      <dblValue>1.0</dblValue>
    </parameter>
    <parameter id="PXTEMP">
      <dblValue>1.0</dblValue>
    </parameter>
    <parameter id="SASC_OUTPUT_TS_INTERVAL">
      <intValue>6</intValue>
    </parameter>
    <parameter id="SI">
      <dblValue>500.0</dblValue>
    </parameter>
    <parameter id="ELEV">
      <dblValue>331.0</dblValue>
    </parameter>
    <parameter id="PXADJ">
      <dblValue>1.0</dblValue>
    </parameter>
    <parameter id="SWE_OUTPUT_TS_INTERVAL">
      <intValue>6</intValue>
    </parameter>
    <parameter id="UADJ">
      <dblValue>0.03</dblValue>
    </parameter>
    <parameter id="MFMIN">
      <dblValue>0.03</dblValue>
    </parameter>
    <parameter id="SNSG_OUTPUT_TS_INTERVAL">
      <intValue>6</intValue>
    </parameter>
    <parameter id="WETOL[0., 1.0]">
      <dblValue>0.05</dblValue>
    </parameter>
    <parameter id="NMF">
      <dblValue>0.3</dblValue>
    </parameter>
    <parameter id="AREA_ELEV_CURVE(METR)">
      <table>
        <columnTypes A="double" B="double"/>
        <row A="203.0" B="0.0"/>
        <row A="248.0" B="0.1"/>
        <row A="275.0" B="0.2"/>
        <row A="294.0" B="0.3"/>
        <row A="311.0" B="0.4"/>
        <row A="331.0" B="0.5"/>
        <row A="354.0" B="0.6"/>
        <row A="386.0" B="0.7"/>
        <row A="400.0" B="0.75"/>
        <row A="413.0" B="0.8"/>
        <row A="427.0" B="0.85"/>
        <row A="443.0" B="0.9"/>
        <row A="454.0" B="0.95"/>
        <row A="457.0" B="1.0"/>
      </table>
    </parameter>
    <parameter id="SCTOL[0., 1.0]">
      <dblValue>0.05</dblValue>
    </parameter>
    <parameter id="ALAT">
      <dblValue>68.1</dblValue>
    </parameter>
    <parameter id="MFMAX">
      <dblValue>0.5</dblValue>
    </parameter>
    <parameter id="PLWHC">
      <dblValue>0.05</dblValue>
    </parameter>
    <parameter id="RAIN_SNOW_ELEV_INPUT_OPTION">
      <boolValue>true</boolValue>
    </parameter>
    <parameter id="DAYGM">
      <dblValue>0.0</dblValue>
    </parameter>
    <parameter id="AREA_DEPLETION_CURVE">
      <table>
        <columnTypes A="double"/>
        <row A="0.05"/>
        <row A="0.17"/>
        <row A="0.31"/>
        <row A="0.49"/>
        <row A="0.67"/>
        <row A="0.8"/>
        <row A="0.87"/>
        <row A="0.92"/>
        <row A="0.95"/>
        <row A="0.98"/>
        <row A="1.0"/>
      </table>
    </parameter>
  </group>
</parameters>