<?xml version="1.0" encoding="utf-8"?>
<parameters version="1.5" xsi:schemaLocation="http://www.wldelft.nl/fews/PI pi_modelparameters.xsd" xmlns:xsi="http://www.w3.org/2001/XMLSchema-instance" xmlns="http://www.wldelft.nl/fews/PI">
  <modifierType>BASEFLOW</modifierType>
  <modifierType>UNITHG</modifierType>
  <group id= "default">
    <parameter id="UHG_DURATION">
      <intValue>6</intValue>
    </parameter>
    <parameter id="UNIT">
      <stringValue>ENGLISH</stringValue>
    </parameter>
    <parameter id="UHG_INTERVAL">
      <intValue>6</intValue>
    </parameter>
    <parameter id="DRAINAGE_AREA">
      <dblValue>8321.0</dblValue>
    </parameter>
    <parameter id="CONSTANT_BASE_FLOW">
      <dblValue>0.0</dblValue>
    </parameter>
    <parameter id="UHG_ORDINATES">
      <table>
        <columnTypes A="double"/>
        <row A="9644.0"/>
        <row A="26520.0"/>
        <row A="50629.0"/>
        <row A="77149.0"/>
        <row A="106080.0"/>
        <row A="127778.0"/>
        <row A="120545.0"/>
        <row A="103669.0"/>
        <row A="84381.0"/>
        <row A="62683.0"/>
        <row A="44602.0"/>
        <row A="31342.0"/>
        <row A="21698.0"/>
        <row A="13260.0"/>
        <row A="7233.0"/>
        <row A="4099.0"/>
        <row A="2411.0"/>
        <row A="964.0"/>
        <row A="241.0"/>
        <row A="48.0"/>
        <row A="0.0"/>
        <row A="0.0"/>
        <row A="0.0"/>
        <row A="0.0"/>
        <row A="0.0"/>
        <row A="0.0"/>
        <row A="0.0"/>
        <row A="0.0"/>
      </table>
    </parameter>
  </group>
</parameters>