<?xml version="1.0" encoding="utf-8"?>
<parameters version="1.5" xsi:schemaLocation="http://www.wldelft.nl/fews/PI pi_modelparameters.xsd" xmlns:xsi="http://www.w3.org/2001/XMLSchema-instance" xmlns="http://www.wldelft.nl/fews/PI">
  <group id="default">
    <parameter id="MV">
      <intValue>0</intValue>
    </parameter>
    <parameter id="MBASE">
      <dblValue>1.0</dblValue>
    </parameter>
    <parameter id="TAELEV">
      <dblValue>775.0</dblValue>
    </parameter>
    <parameter id="TIPM">
      <dblValue>0.1</dblValue>
    </parameter>
    <parameter id="SCF">
      <dblValue>1.0</dblValue>
    </parameter>
    <parameter id="PXTEMP">
      <dblValue>1.0</dblValue>
    </parameter>
    <parameter id="SASC_OUTPUT_TS_INTERVAL">
      <intValue>6</intValue>
    </parameter>
    <parameter id="SI">
      <dblValue>250.0</dblValue>
    </parameter>
    <parameter id="ELEV">
      <dblValue>775.0</dblValue>
    </parameter>
    <parameter id="PXADJ">
      <dblValue>1.0</dblValue>
    </parameter>
    <parameter id="AREA_ELEV_CURVE(ENGL)">
      <table>
        <columnTypes A="double" B="double"/>
        <row A="1906.0" B="0.0"/>
        <row A="1942.0" B="0.05"/>
        <row A="1998.0" B="0.1"/>
        <row A="2037.0" B="0.15"/>
        <row A="2211.0" B="0.25"/>
        <row A="2480.0" B="0.4"/>
        <row A="2687.0" B="0.55"/>
        <row A="2789.0" B="0.65"/>
        <row A="2894.0" B="0.8"/>
        <row A="2959.0" B="0.9"/>
        <row A="2986.0" B="0.95"/>
        <row A="2999.0" B="1.0"/>
      </table>
    </parameter>
    <parameter id="SWE_OUTPUT_TS_INTERVAL">
      <intValue>6</intValue>
    </parameter>
    <parameter id="UADJ">
      <dblValue>0.0010</dblValue>
    </parameter>
    <parameter id="MFMIN">
      <dblValue>0.1</dblValue>
    </parameter>
    <parameter id="SNSG_OUTPUT_TS_INTERVAL">
      <intValue>6</intValue>
    </parameter>
    <parameter id="WETOL[0., 1.0]">
      <dblValue>0.0</dblValue>
    </parameter>
    <parameter id="NMF">
      <dblValue>0.3</dblValue>
    </parameter>
    <parameter id="SCTOL[0., 1.0]">
      <dblValue>0.0</dblValue>
    </parameter>
    <parameter id="ALAT">
      <dblValue>63.3</dblValue>
    </parameter>
    <parameter id="MFMAX">
      <dblValue>0.65</dblValue>
    </parameter>
    <parameter id="PLWHC">
      <dblValue>0.05</dblValue>
    </parameter>
    <parameter id="RAIN_SNOW_ELEV_INPUT_OPTION">
      <boolValue>true</boolValue>
    </parameter>
    <parameter id="DAYGM">
      <dblValue>0.02</dblValue>
    </parameter>
    <parameter id="AREA_DEPLETION_CURVE">
      <table>
        <columnTypes A="double"/>
        <row A="0.05"/>
        <row A="0.16"/>
        <row A="0.23"/>
        <row A="0.3"/>
        <row A="0.35"/>
        <row A="0.39"/>
        <row A="0.45"/>
        <row A="0.51"/>
        <row A="0.59"/>
        <row A="0.71"/>
        <row A="1.0"/>
      </table>
    </parameter>
  </group>
</parameters>