<?xml version="1.0" encoding="utf-8"?>
<parameters version="1.5" xsi:schemaLocation="http://www.wldelft.nl/fews/PI pi_modelparameters.xsd" xmlns:xsi="http://www.w3.org/2001/XMLSchema-instance" xmlns="http://www.wldelft.nl/fews/PI">
  <modifierType>BASEFLOW</modifierType>
  <modifierType>UNITHG</modifierType>
  <group id= "default">
    <parameter id="UHG_DURATION">
      <intValue>6</intValue>
    </parameter>
    <parameter id="UNIT">
      <stringValue>ENGLISH</stringValue>
    </parameter>
    <parameter id="UHG_INTERVAL">
      <intValue>6</intValue>
    </parameter>
    <parameter id="DRAINAGE_AREA">
      <dblValue>1337.2</dblValue>
    </parameter>
    <parameter id="CONSTANT_BASE_FLOW">
      <dblValue>0.0</dblValue>
    </parameter>
    <parameter id="UHG_ORDINATES">
      <table>
        <columnTypes A="double"/>
        <row A="8284.0"/>
        <row A="14415.0"/>
        <row A="20545.0"/>
        <row A="23859.0"/>
        <row A="21208.0"/>
        <row A="16900.0"/>
        <row A="12758.0"/>
        <row A="8947.0"/>
        <row A="6462.0"/>
        <row A="4639.0"/>
        <row A="3148.0"/>
        <row A="1823.0"/>
        <row A="663.0"/>
        <row A="166.0"/>
        <row A="0.0"/>
        <row A="0.0"/>
        <row A="0.0"/>
        <row A="0.0"/>
        <row A="0.0"/>
        <row A="0.0"/>
        <row A="0.0"/>
      </table>
    </parameter>
  </group>
</parameters>