<?xml version="1.0" encoding="utf-8"?>
<parameters version="1.5" xsi:schemaLocation="http://www.wldelft.nl/fews/PI pi_modelparameters.xsd" xmlns:xsi="http://www.w3.org/2001/XMLSchema-instance" xmlns="http://www.wldelft.nl/fews/PI">
  <group id="default">
    <parameter id="TALMIN">
      <dblValue>0.25</dblValue>
    </parameter>
    <parameter id="TAELEV">
      <dblValue>671.0</dblValue>
    </parameter>
    <parameter id="TIPM">
      <dblValue>0.5</dblValue>
    </parameter>
    <parameter id="TALMAX">
      <dblValue>0.55</dblValue>
    </parameter>
    <parameter id="SASC_OUTPUT_TS_INTERVAL">
      <intValue>6</intValue>
    </parameter>
    <parameter id="PXTEMP">
      <dblValue>0.0</dblValue>
    </parameter>
    <parameter id="PXADJ">
      <dblValue>1.0</dblValue>
    </parameter>
    <parameter id="ELEV">
      <dblValue>571.0</dblValue>
    </parameter>
    <parameter id="UADJ">
      <dblValue>0.02</dblValue>
    </parameter>
    <parameter id="MFMIN">
      <dblValue>0.25</dblValue>
    </parameter>
    <parameter id="NMF">
      <dblValue>0.1</dblValue>
    </parameter>
    <parameter id="WETOL[0., 1.0]">
      <dblValue>0.0</dblValue>
    </parameter>
    <parameter id="ALAT">
      <dblValue>59.5</dblValue>
    </parameter>
    <parameter id="PLWHC">
      <dblValue>0.05</dblValue>
    </parameter>
    <parameter id="MV">
      <intValue>0</intValue>
    </parameter>
    <parameter id="MBASE">
      <dblValue>-1.0</dblValue>
    </parameter>
    <parameter id="SCF">
      <dblValue>1.0</dblValue>
    </parameter>
    <parameter id="SI">
      <dblValue>999.0</dblValue>
    </parameter>
    <parameter id="SWE_OUTPUT_TS_INTERVAL">
      <intValue>6</intValue>
    </parameter>
    <parameter id="SNSG_OUTPUT_TS_INTERVAL">
      <intValue>6</intValue>
    </parameter>
    <parameter id="AREA_ELEV_CURVE(METR)">
      <table>
        <columnTypes A="double" B="double"/>
        <row A="196.0" B="0.0"/>
        <row A="244.0" B="0.06"/>
        <row A="474.0" B="0.19"/>
        <row A="552.0" B="0.26"/>
        <row A="570.0" B="0.32"/>
        <row A="737.0" B="0.5"/>
        <row A="785.0" B="0.59"/>
        <row A="796.0" B="0.64"/>
        <row A="870.0" B="0.73"/>
        <row A="888.0" B="0.85"/>
        <row A="902.0" B="0.9"/>
        <row A="914.0" B="1.0"/>
      </table>
    </parameter>
    <parameter id="SCTOL[0., 1.0]">
      <dblValue>0.0</dblValue>
    </parameter>
    <parameter id="MFMAX">
      <dblValue>0.7</dblValue>
    </parameter>
    <parameter id="RAIN_SNOW_ELEV_INPUT_OPTION">
      <boolValue>true</boolValue>
    </parameter>
    <parameter id="DAYGM">
      <dblValue>0.02</dblValue>
    </parameter>
    <parameter id="AREA_DEPLETION_CURVE">
      <table>
        <columnTypes A="double"/>
        <row A="0.05"/>
        <row A="0.25"/>
        <row A="0.38"/>
        <row A="0.43"/>
        <row A="0.46"/>
        <row A="0.48"/>
        <row A="0.5"/>
        <row A="0.54"/>
        <row A="0.6"/>
        <row A="0.71"/>
        <row A="1.0"/>
      </table>
    </parameter>
  </group>
</parameters>