<?xml version="1.0" encoding="utf-8"?>
<parameters version="1.5" xsi:schemaLocation="http://www.wldelft.nl/fews/PI pi_modelparameters.xsd" xmlns:xsi="http://www.w3.org/2001/XMLSchema-instance" xmlns="http://www.wldelft.nl/fews/PI">
  <group id="default">
    <parameter id="MV">
      <intValue>0</intValue>
    </parameter>
    <parameter id="MBASE">
      <dblValue>0.0</dblValue>
    </parameter>
    <parameter id="TAELEV">
      <dblValue>1097.0</dblValue>
    </parameter>
    <parameter id="TIPM">
      <dblValue>0.1</dblValue>
    </parameter>
    <parameter id="SCF">
      <dblValue>1.1</dblValue>
    </parameter>
    <parameter id="PXTEMP">
      <dblValue>1.7</dblValue>
    </parameter>
    <parameter id="SASC_OUTPUT_TS_INTERVAL">
      <intValue>6</intValue>
    </parameter>
    <parameter id="SI">
      <dblValue>400.0</dblValue>
    </parameter>
    <parameter id="ELEV">
      <dblValue>1097.0</dblValue>
    </parameter>
    <parameter id="PXADJ">
      <dblValue>1.0</dblValue>
    </parameter>
    <parameter id="AREA_ELEV_CURVE(ENGL)">
      <table>
        <columnTypes A="double" B="double"/>
        <row A="3000.0" B="0.0"/>
        <row A="3600.0" B="0.5"/>
        <row A="4000.0" B="0.8"/>
        <row A="5551.0" B="1.0"/>
      </table>
    </parameter>
    <parameter id="SWE_OUTPUT_TS_INTERVAL">
      <intValue>6</intValue>
    </parameter>
    <parameter id="UADJ">
      <dblValue>0.12</dblValue>
    </parameter>
    <parameter id="MFMIN">
      <dblValue>0.1</dblValue>
    </parameter>
    <parameter id="SNSG_OUTPUT_TS_INTERVAL">
      <intValue>6</intValue>
    </parameter>
    <parameter id="WETOL[0., 1.0]">
      <dblValue>0.0</dblValue>
    </parameter>
    <parameter id="NMF">
      <dblValue>0.15</dblValue>
    </parameter>
    <parameter id="SCTOL[0., 1.0]">
      <dblValue>0.0</dblValue>
    </parameter>
    <parameter id="ALAT">
      <dblValue>62.2</dblValue>
    </parameter>
    <parameter id="MFMAX">
      <dblValue>1.2</dblValue>
    </parameter>
    <parameter id="PLWHC">
      <dblValue>0.03</dblValue>
    </parameter>
    <parameter id="RAIN_SNOW_ELEV_INPUT_OPTION">
      <boolValue>true</boolValue>
    </parameter>
    <parameter id="DAYGM">
      <dblValue>0.0</dblValue>
    </parameter>
    <parameter id="AREA_DEPLETION_CURVE">
      <table>
        <columnTypes A="double"/>
        <row A="0.05"/>
        <row A="0.25"/>
        <row A="0.36"/>
        <row A="0.41"/>
        <row A="0.44"/>
        <row A="0.45"/>
        <row A="0.49"/>
        <row A="0.52"/>
        <row A="0.55"/>
        <row A="0.68"/>
        <row A="1.0"/>
      </table>
    </parameter>
  </group>
</parameters>