<?xml version="1.0" encoding="utf-8"?>
<parameters version="1.5" xsi:schemaLocation="http://www.wldelft.nl/fews/PI pi_modelparameters.xsd" xmlns:xsi="http://www.w3.org/2001/XMLSchema-instance" xmlns="http://www.wldelft.nl/fews/PI">
  <modifierType>BASEFLOW</modifierType>
  <modifierType>UNITHG</modifierType>
  <group id= "default">
    <parameter id="UHG_DURATION">
      <intValue>6</intValue>
    </parameter>
    <parameter id="UNIT">
      <stringValue>ENGLISH</stringValue>
    </parameter>
    <parameter id="UHG_INTERVAL">
      <intValue>6</intValue>
    </parameter>
    <parameter id="DRAINAGE_AREA">
      <dblValue>711.8</dblValue>
    </parameter>
    <parameter id="CONSTANT_BASE_FLOW">
      <dblValue>0.0</dblValue>
    </parameter>
    <parameter id="UHG_ORDINATES">
      <table>
        <columnTypes A="double"/>
        <row A="0.0"/>
        <row A="0.0"/>
        <row A="0.0"/>
        <row A="35.0"/>
        <row A="212.0"/>
        <row A="459.0"/>
        <row A="777.0"/>
        <row A="1166.0"/>
        <row A="1625.0"/>
        <row A="2049.0"/>
        <row A="2650.0"/>
        <row A="3110.0"/>
        <row A="3710.0"/>
        <row A="4452.0"/>
        <row A="4947.0"/>
        <row A="5477.0"/>
        <row A="5830.0"/>
        <row A="5654.0"/>
        <row A="5300.0"/>
        <row A="4841.0"/>
        <row A="4382.0"/>
        <row A="3958.0"/>
        <row A="3534.0"/>
        <row A="3039.0"/>
        <row A="2544.0"/>
        <row A="2120.0"/>
        <row A="1625.0"/>
        <row A="1201.0"/>
        <row A="813.0"/>
        <row A="530.0"/>
        <row A="353.0"/>
        <row A="247.0"/>
        <row A="177.0"/>
        <row A="106.0"/>
        <row A="35.0"/>
        <row A="0.0"/>
        <row A="0.0"/>
        <row A="0.0"/>
        <row A="0.0"/>
        <row A="0.0"/>
        <row A="0.0"/>
        <row A="0.0"/>
      </table>
    </parameter>
  </group>
</parameters>