<?xml version="1.0" encoding="utf-8"?>
<parameters version="1.5" xsi:schemaLocation="http://www.wldelft.nl/fews/PI pi_modelparameters.xsd" xmlns:xsi="http://www.w3.org/2001/XMLSchema-instance" xmlns="http://www.wldelft.nl/fews/PI">
  <modifierType>BASEFLOW</modifierType>
  <modifierType>UNITHG</modifierType>
  <group id= "default">
    <parameter id="UHG_DURATION">
      <intValue>6</intValue>
    </parameter>
    <parameter id="UNIT">
      <stringValue>ENGLISH</stringValue>
    </parameter>
    <parameter id="UHG_INTERVAL">
      <intValue>6</intValue>
    </parameter>
    <parameter id="DRAINAGE_AREA">
      <dblValue>1325.0</dblValue>
    </parameter>
    <parameter id="CONSTANT_BASE_FLOW">
      <dblValue>0.0</dblValue>
    </parameter>
    <parameter id="UHG_ORDINATES">
      <table>
        <columnTypes A="double"/>
        <row A="4909.0"/>
        <row A="7762.0"/>
        <row A="13725.0"/>
        <row A="17696.0"/>
        <row A="21063.0"/>
        <row A="18248.0"/>
        <row A="14342.0"/>
        <row A="10551.0"/>
        <row A="8662.0"/>
        <row A="6772.0"/>
        <row A="5179.0"/>
        <row A="3598.0"/>
        <row A="2853.0"/>
        <row A="2108.0"/>
        <row A="1555.0"/>
        <row A="990.0"/>
        <row A="617.0"/>
        <row A="244.0"/>
        <row A="154.0"/>
        <row A="75.0"/>
        <row A="0.0"/>
        <row A="0.0"/>
        <row A="0.0"/>
        <row A="0.0"/>
        <row A="0.0"/>
        <row A="0.0"/>
        <row A="0.0"/>
        <row A="0.0"/>
      </table>
    </parameter>
  </group>
</parameters>