<?xml version="1.0" encoding="utf-8"?>
<parameters version="1.5" xsi:schemaLocation="http://www.wldelft.nl/fews/PI pi_modelparameters.xsd" xmlns:xsi="http://www.w3.org/2001/XMLSchema-instance" xmlns="http://www.wldelft.nl/fews/PI">
  <modifierType>BASEFLOW</modifierType>
  <modifierType>UNITHG</modifierType>
  <group id= "default">
    <parameter id="UHG_DURATION">
      <intValue>6</intValue>
    </parameter>
    <parameter id="UNIT">
      <stringValue>ENGLISH</stringValue>
    </parameter>
    <parameter id="UHG_INTERVAL">
      <intValue>6</intValue>
    </parameter>
    <parameter id="DRAINAGE_AREA">
      <dblValue>352.0</dblValue>
    </parameter>
    <parameter id="CONSTANT_BASE_FLOW">
      <dblValue>0.0</dblValue>
    </parameter>
    <parameter id="UHG_ORDINATES">
      <table>
        <columnTypes A="double"/>
        <row A="942.1"/>
        <row A="3014.6"/>
        <row A="6540.7"/>
        <row A="8400.6"/>
        <row A="6805.9"/>
        <row A="4911.9"/>
        <row A="3132.6"/>
        <row A="1858.3"/>
        <row A="1008.8"/>
        <row A="557.5"/>
        <row A="278.8"/>
        <row A="132.7"/>
        <row A="26.5"/>
        <row A="0.0"/>
        <row A="0.0"/>
        <row A="0.0"/>
        <row A="0.0"/>
        <row A="0.0"/>
        <row A="0.0"/>
        <row A="0.0"/>
        <row A="0.0"/>
      </table>
    </parameter>
  </group>
</parameters>