<?xml version="1.0" encoding="utf-8"?>
<parameters version="1.5" xsi:schemaLocation="http://www.wldelft.nl/fews/PI pi_modelparameters.xsd" xmlns:xsi="http://www.w3.org/2001/XMLSchema-instance" xmlns="http://www.wldelft.nl/fews/PI">
  <group id="default">
    <parameter id="TALMIN">
      <dblValue>0.0</dblValue>
    </parameter>
    <parameter id="TAELEV">
      <dblValue>1151.0</dblValue>
    </parameter>
    <parameter id="TIPM">
      <dblValue>0.1</dblValue>
    </parameter>
    <parameter id="TALMAX">
      <dblValue>0.0</dblValue>
    </parameter>
    <parameter id="SASC_OUTPUT_TS_INTERVAL">
      <intValue>6</intValue>
    </parameter>
    <parameter id="PXTEMP">
      <dblValue>1.0</dblValue>
    </parameter>
    <parameter id="AREA_ELEV_CURVE(ENGL)">
      <table>
        <columnTypes A="double" B="double"/>
        <row A="3001.0" B="0.0"/>
        <row A="3038.0" B="0.1"/>
        <row A="3120.0" B="0.2"/>
        <row A="3245.0" B="0.3"/>
        <row A="3711.0" B="0.5"/>
        <row A="3891.0" B="0.6"/>
        <row A="4058.0" B="0.73"/>
        <row A="4229.0" B="0.8"/>
        <row A="4826.0" B="0.9"/>
        <row A="5053.0" B="0.96"/>
        <row A="5213.0" B="0.98"/>
        <row A="5925.0" B="0.99"/>
        <row A="6893.0" B="1.0"/>
      </table>
    </parameter>
    <parameter id="PXADJ">
      <dblValue>1.0</dblValue>
    </parameter>
    <parameter id="ELEV">
      <dblValue>1351.0</dblValue>
    </parameter>
    <parameter id="UADJ">
      <dblValue>0.0010</dblValue>
    </parameter>
    <parameter id="MFMIN">
      <dblValue>0.02</dblValue>
    </parameter>
    <parameter id="NMF">
      <dblValue>0.3</dblValue>
    </parameter>
    <parameter id="WETOL[0., 1.0]">
      <dblValue>0.05</dblValue>
    </parameter>
    <parameter id="ALAT">
      <dblValue>65.8</dblValue>
    </parameter>
    <parameter id="PLWHC">
      <dblValue>0.05</dblValue>
    </parameter>
    <parameter id="MV">
      <intValue>0</intValue>
    </parameter>
    <parameter id="MBASE">
      <dblValue>2.0</dblValue>
    </parameter>
    <parameter id="SCF">
      <dblValue>1.3</dblValue>
    </parameter>
    <parameter id="SI">
      <dblValue>380.0</dblValue>
    </parameter>
    <parameter id="SWE_OUTPUT_TS_INTERVAL">
      <intValue>6</intValue>
    </parameter>
    <parameter id="SNSG_OUTPUT_TS_INTERVAL">
      <intValue>6</intValue>
    </parameter>
    <parameter id="SCTOL[0., 1.0]">
      <dblValue>0.05</dblValue>
    </parameter>
    <parameter id="MFMAX">
      <dblValue>0.55</dblValue>
    </parameter>
    <parameter id="RAIN_SNOW_ELEV_INPUT_OPTION">
      <boolValue>true</boolValue>
    </parameter>
    <parameter id="DAYGM">
      <dblValue>0.02</dblValue>
    </parameter>
    <parameter id="AREA_DEPLETION_CURVE">
      <table>
        <columnTypes A="double"/>
        <row A="0.05"/>
        <row A="0.09"/>
        <row A="0.15"/>
        <row A="0.19"/>
        <row A="0.22"/>
        <row A="0.26"/>
        <row A="0.31"/>
        <row A="0.38"/>
        <row A="0.46"/>
        <row A="0.6"/>
        <row A="1.0"/>
      </table>
    </parameter>
  </group>
</parameters>