<?xml version="1.0" encoding="utf-8"?>
<parameters version="1.5" xsi:schemaLocation="http://www.wldelft.nl/fews/PI pi_modelparameters.xsd" xmlns:xsi="http://www.w3.org/2001/XMLSchema-instance" xmlns="http://www.wldelft.nl/fews/PI">
  <modifierType>BASEFLOW</modifierType>
  <modifierType>UNITHG</modifierType>
  <group id= "default">
    <parameter id="UHG_DURATION">
      <intValue>6</intValue>
    </parameter>
    <parameter id="UNIT">
      <stringValue>ENGLISH</stringValue>
    </parameter>
    <parameter id="UHG_INTERVAL">
      <intValue>6</intValue>
    </parameter>
    <parameter id="DRAINAGE_AREA">
      <dblValue>12788.0</dblValue>
    </parameter>
    <parameter id="CONSTANT_BASE_FLOW">
      <dblValue>0.0</dblValue>
    </parameter>
    <parameter id="UHG_ORDINATES">
      <table>
        <columnTypes A="double"/>
        <row A="4921.0"/>
        <row A="10388.0"/>
        <row A="18589.0"/>
        <row A="30618.0"/>
        <row A="41552.0"/>
        <row A="54674.0"/>
        <row A="67796.0"/>
        <row A="76544.0"/>
        <row A="87479.0"/>
        <row A="96227.0"/>
        <row A="101694.0"/>
        <row A="107162.0"/>
        <row A="109349.0"/>
        <row A="104975.0"/>
        <row A="95680.0"/>
        <row A="85292.0"/>
        <row A="73810.0"/>
        <row A="61235.0"/>
        <row A="49207.0"/>
        <row A="36632.0"/>
        <row A="27337.0"/>
        <row A="18043.0"/>
        <row A="10935.0"/>
        <row A="6561.0"/>
        <row A="3827.0"/>
        <row A="2187.0"/>
        <row A="1203.0"/>
        <row A="656.0"/>
        <row A="109.0"/>
        <row A="33.0"/>
        <row A="0.0"/>
        <row A="0.0"/>
        <row A="0.0"/>
        <row A="0.0"/>
        <row A="0.0"/>
        <row A="0.0"/>
        <row A="0.0"/>
        <row A="0.0"/>
        <row A="0.0"/>
        <row A="0.0"/>
        <row A="0.0"/>
        <row A="0.0"/>
      </table>
    </parameter>
  </group>
</parameters>