<?xml version="1.0" encoding="utf-8"?>
<parameters version="1.5" xsi:schemaLocation="http://www.wldelft.nl/fews/PI pi_modelparameters.xsd" xmlns:xsi="http://www.w3.org/2001/XMLSchema-instance" xmlns="http://www.wldelft.nl/fews/PI">
  <group id="default">
    <parameter id="MV">
      <intValue>0</intValue>
    </parameter>
    <parameter id="MBASE">
      <dblValue>0.0</dblValue>
    </parameter>
    <parameter id="TAELEV">
      <dblValue>600.0</dblValue>
    </parameter>
    <parameter id="TIPM">
      <dblValue>0.1</dblValue>
    </parameter>
    <parameter id="SCF">
      <dblValue>1.05</dblValue>
    </parameter>
    <parameter id="PXTEMP">
      <dblValue>1.7</dblValue>
    </parameter>
    <parameter id="SASC_OUTPUT_TS_INTERVAL">
      <intValue>6</intValue>
    </parameter>
    <parameter id="SI">
      <dblValue>300.0</dblValue>
    </parameter>
    <parameter id="ELEV">
      <dblValue>600.0</dblValue>
    </parameter>
    <parameter id="PXADJ">
      <dblValue>1.0</dblValue>
    </parameter>
    <parameter id="AREA_ELEV_CURVE(ENGL)">
      <table>
        <columnTypes A="double" B="double"/>
        <row A="350.0" B="0.0"/>
        <row A="700.0" B="0.04"/>
        <row A="900.0" B="0.09"/>
        <row A="1200.0" B="0.16"/>
        <row A="1400.0" B="0.23"/>
        <row A="1600.0" B="0.31"/>
        <row A="1800.0" B="0.4"/>
        <row A="2000.0" B="0.47"/>
        <row A="2200.0" B="0.56"/>
        <row A="2400.0" B="0.66"/>
        <row A="2600.0" B="0.75"/>
        <row A="2800.0" B="0.87"/>
        <row A="2940.0" B="0.96"/>
        <row A="3000.0" B="1.0"/>
      </table>
    </parameter>
    <parameter id="SWE_OUTPUT_TS_INTERVAL">
      <intValue>6</intValue>
    </parameter>
    <parameter id="UADJ">
      <dblValue>0.07</dblValue>
    </parameter>
    <parameter id="MFMIN">
      <dblValue>0.25</dblValue>
    </parameter>
    <parameter id="SNSG_OUTPUT_TS_INTERVAL">
      <intValue>24</intValue>
    </parameter>
    <parameter id="WETOL[0., 1.0]">
      <dblValue>0.0</dblValue>
    </parameter>
    <parameter id="NMF">
      <dblValue>0.15</dblValue>
    </parameter>
    <parameter id="SCTOL[0., 1.0]">
      <dblValue>0.0</dblValue>
    </parameter>
    <parameter id="ALAT">
      <dblValue>61.8</dblValue>
    </parameter>
    <parameter id="MFMAX">
      <dblValue>0.7</dblValue>
    </parameter>
    <parameter id="PLWHC">
      <dblValue>0.05</dblValue>
    </parameter>
    <parameter id="RAIN_SNOW_ELEV_INPUT_OPTION">
      <boolValue>true</boolValue>
    </parameter>
    <parameter id="DAYGM">
      <dblValue>0.0</dblValue>
    </parameter>
    <parameter id="AREA_DEPLETION_CURVE">
      <table>
        <columnTypes A="double"/>
        <row A="0.05"/>
        <row A="0.26"/>
        <row A="0.37"/>
        <row A="0.44"/>
        <row A="0.48"/>
        <row A="0.52"/>
        <row A="0.57"/>
        <row A="0.67"/>
        <row A="0.79"/>
        <row A="0.89"/>
        <row A="1.0"/>
      </table>
    </parameter>
  </group>
</parameters>