<?xml version="1.0" encoding="utf-8"?>
<parameters version="1.5" xsi:schemaLocation="http://www.wldelft.nl/fews/PI pi_modelparameters.xsd" xmlns:xsi="http://www.w3.org/2001/XMLSchema-instance" xmlns="http://www.wldelft.nl/fews/PI">
  <modifierType>BASEFLOW</modifierType>
  <modifierType>UNITHG</modifierType>
  <group id= "default">
    <parameter id="UHG_DURATION">
      <intValue>6</intValue>
    </parameter>
    <parameter id="UNIT">
      <stringValue>ENGLISH</stringValue>
    </parameter>
    <parameter id="UHG_INTERVAL">
      <intValue>6</intValue>
    </parameter>
    <parameter id="DRAINAGE_AREA">
      <dblValue>1328.0</dblValue>
    </parameter>
    <parameter id="CONSTANT_BASE_FLOW">
      <dblValue>0.0</dblValue>
    </parameter>
    <parameter id="UHG_ORDINATES">
      <table>
        <columnTypes A="double"/>
        <row A="1225.3"/>
        <row A="2941.3"/>
        <row A="5176.7"/>
        <row A="7686.6"/>
        <row A="9882.8"/>
        <row A="11726.1"/>
        <row A="12727.8"/>
        <row A="12344.3"/>
        <row A="11749.1"/>
        <row A="10998.6"/>
        <row A="10041.1"/>
        <row A="8954.2"/>
        <row A="7867.2"/>
        <row A="6780.3"/>
        <row A="5615.8"/>
        <row A="4528.8"/>
        <row A="3519.6"/>
        <row A="2665.5"/>
        <row A="1889.2"/>
        <row A="1371.6"/>
        <row A="905.8"/>
        <row A="647.0"/>
        <row A="465.8"/>
        <row A="336.1"/>
        <row A="246.9"/>
        <row A="164.6"/>
        <row A="137.1"/>
        <row A="0.0"/>
        <row A="0.0"/>
        <row A="0.0"/>
        <row A="0.0"/>
        <row A="0.0"/>
        <row A="0.0"/>
        <row A="0.0"/>
        <row A="0.0"/>
      </table>
    </parameter>
  </group>
</parameters>