<?xml version="1.0" encoding="utf-8"?>
<parameters version="1.5" xsi:schemaLocation="http://www.wldelft.nl/fews/PI pi_modelparameters.xsd" xmlns:xsi="http://www.w3.org/2001/XMLSchema-instance" xmlns="http://www.wldelft.nl/fews/PI">
  <modifierType>BASEFLOW</modifierType>
  <modifierType>UNITHG</modifierType>
  <group id= "default">
    <parameter id="UHG_DURATION">
      <intValue>6</intValue>
    </parameter>
    <parameter id="UNIT">
      <stringValue>ENGLISH</stringValue>
    </parameter>
    <parameter id="UHG_INTERVAL">
      <intValue>6</intValue>
    </parameter>
    <parameter id="DRAINAGE_AREA">
      <dblValue>776.1</dblValue>
    </parameter>
    <parameter id="CONSTANT_BASE_FLOW">
      <dblValue>0.0</dblValue>
    </parameter>
    <parameter id="UHG_ORDINATES">
      <table>
        <columnTypes A="double"/>
        <row A="29248.2"/>
        <row A="19579.4"/>
        <row A="11404.3"/>
        <row A="8900.9"/>
        <row A="6397.5"/>
        <row A="4543.2"/>
        <row A="2596.1"/>
        <row A="834.5"/>
        <row A="0.0"/>
        <row A="0.0"/>
        <row A="0.0"/>
        <row A="0.0"/>
        <row A="0.0"/>
        <row A="0.0"/>
      </table>
    </parameter>
  </group>
</parameters>