<?xml version="1.0" encoding="utf-8"?>
<parameters version="1.5" xsi:schemaLocation="http://www.wldelft.nl/fews/PI pi_modelparameters.xsd" xmlns:xsi="http://www.w3.org/2001/XMLSchema-instance" xmlns="http://www.wldelft.nl/fews/PI">
  <group id="default">
     <parameter id="LAGQ_PAIRS">
      <table>
         <columnTypes A="double" B="double"/>
         <row A="18.000" B="0.000"/>
         <row A="18.000" B="36560.000"/>
         <row A="36.000" B="45700.000"/>
         <row A="35.000" B="63980.000"/>
         <row A="24.000" B="91400.000"/>
      </table>
    </parameter>
     <parameter id="KQ_PAIRS">
      <table>
         <columnTypes A="double" B="double"/>
         <row A="12.000" B="0.000"/>
         <row A="12.000" B="36560.000"/>
         <row A="24.000" B="45700.000"/>
         <row A="23.000" B="63980.000"/>
         <row A="12.000" B="91400.000"/>
      </table>
    </parameter>
    <parameter id="NUMBER_OF_KQ_PAIRS">
      <intValue>5</intValue>
    </parameter>
    <parameter id="INFLOW_TS_DATA_TYPE">
      <stringValue>SQIN</stringValue>
    </parameter>
    <parameter id="OUTFLOW_TS_DATA_TYPE">
      <stringValue>SQIN</stringValue>
    </parameter>
    <parameter id="TRANSMISSION_LOSS_THRESHOLD_FLOW">
      <dblValue>0.0</dblValue>
    </parameter>
    <parameter id="METR_OR_ENGL_UNITS">
      <stringValue>ENGL</stringValue>
    </parameter>
    <parameter id="INFLOW_TS_ID">
      <stringValue>KNRA2</stringValue>
    </parameter>
    <parameter id="OUTFLOW_TS_INTERVAL">
      <intValue>6</intValue>
    </parameter>
    <parameter id="INFLOW_TS_INTERVAL">
      <intValue>6</intValue>
    </parameter>
    <parameter id="TRANSMISSION_LOSS_COEFFICIENT">
      <dblValue>0.0</dblValue>
    </parameter>
    <parameter id="OUTFLOW_TS_ID">
      <stringValue>KNRA2RTD</stringValue>
    </parameter>
    <parameter id="NUMBER_OF_LAGQ_PAIRS">
      <intValue>5</intValue>
    </parameter>
<parameter id="CONSTANT_K_VALUE">
<dblValue>0.0</dblValue>
</parameter>
<parameter id="CONSTANT_LAG_VALUE">
<dblValue>0.0</dblValue>
</parameter>
  </group>
</parameters>