<?xml version="1.0" encoding="utf-8"?>
<parameters version="1.5" xsi:schemaLocation="http://www.wldelft.nl/fews/PI pi_modelparameters.xsd" xmlns:xsi="http://www.w3.org/2001/XMLSchema-instance" xmlns="http://www.wldelft.nl/fews/PI">
  <group id="default">
    <parameter id="MV">
      <intValue>0</intValue>
    </parameter>
    <parameter id="MBASE">
      <dblValue>-1.0</dblValue>
    </parameter>
    <parameter id="TAELEV">
      <dblValue>724.0</dblValue>
    </parameter>
    <parameter id="TIPM">
      <dblValue>0.1</dblValue>
    </parameter>
    <parameter id="SCF">
      <dblValue>1.3</dblValue>
    </parameter>
    <parameter id="PXTEMP">
      <dblValue>1.7</dblValue>
    </parameter>
    <parameter id="SASC_OUTPUT_TS_INTERVAL">
      <intValue>6</intValue>
    </parameter>
    <parameter id="SI">
      <dblValue>150.0</dblValue>
    </parameter>
    <parameter id="ELEV">
      <dblValue>724.0</dblValue>
    </parameter>
    <parameter id="PXADJ">
      <dblValue>1.0</dblValue>
    </parameter>
    <parameter id="AREA_ELEV_CURVE(ENGL)">
      <table>
        <columnTypes A="double" B="double"/>
        <row A="1797.0" B="0.0"/>
        <row A="1847.0" B="0.15"/>
        <row A="1962.0" B="0.25"/>
        <row A="2014.0" B="0.35"/>
        <row A="2159.0" B="0.45"/>
        <row A="2395.0" B="0.6"/>
        <row A="2720.0" B="0.75"/>
        <row A="3015.0" B="0.88"/>
        <row A="3461.0" B="0.95"/>
        <row A="3901.0" B="0.99"/>
        <row A="3999.0" B="1.0"/>
      </table>
    </parameter>
    <parameter id="SWE_OUTPUT_TS_INTERVAL">
      <intValue>6</intValue>
    </parameter>
    <parameter id="UADJ">
      <dblValue>0.05</dblValue>
    </parameter>
    <parameter id="MFMIN">
      <dblValue>0.05</dblValue>
    </parameter>
    <parameter id="SNSG_OUTPUT_TS_INTERVAL">
      <intValue>6</intValue>
    </parameter>
    <parameter id="WETOL[0., 1.0]">
      <dblValue>0.0</dblValue>
    </parameter>
    <parameter id="NMF">
      <dblValue>0.15</dblValue>
    </parameter>
    <parameter id="SCTOL[0., 1.0]">
      <dblValue>0.0</dblValue>
    </parameter>
    <parameter id="ALAT">
      <dblValue>62.5</dblValue>
    </parameter>
    <parameter id="MFMAX">
      <dblValue>1.1</dblValue>
    </parameter>
    <parameter id="PLWHC">
      <dblValue>0.05</dblValue>
    </parameter>
    <parameter id="RAIN_SNOW_ELEV_INPUT_OPTION">
      <boolValue>true</boolValue>
    </parameter>
    <parameter id="DAYGM">
      <dblValue>0.0</dblValue>
    </parameter>
    <parameter id="AREA_DEPLETION_CURVE">
      <table>
        <columnTypes A="double"/>
        <row A="0.05"/>
        <row A="0.23"/>
        <row A="0.33"/>
        <row A="0.4"/>
        <row A="0.44"/>
        <row A="0.48"/>
        <row A="0.51"/>
        <row A="0.57"/>
        <row A="0.66"/>
        <row A="0.78"/>
        <row A="1.0"/>
      </table>
    </parameter>
  </group>
</parameters>