<?xml version="1.0" encoding="utf-8"?>
<parameters version="1.5" xsi:schemaLocation="http://www.wldelft.nl/fews/PI pi_modelparameters.xsd" xmlns:xsi="http://www.w3.org/2001/XMLSchema-instance" xmlns="http://www.wldelft.nl/fews/PI">
  <modifierType>BASEFLOW</modifierType>
  <modifierType>UNITHG</modifierType>
  <group id= "default">
    <parameter id="UHG_DURATION">
      <intValue>6</intValue>
    </parameter>
    <parameter id="UNIT">
      <stringValue>ENGLISH</stringValue>
    </parameter>
    <parameter id="UHG_INTERVAL">
      <intValue>6</intValue>
    </parameter>
    <parameter id="DRAINAGE_AREA">
      <dblValue>904.6</dblValue>
    </parameter>
    <parameter id="CONSTANT_BASE_FLOW">
      <dblValue>0.0</dblValue>
    </parameter>
    <parameter id="UHG_ORDINATES">
      <table>
        <columnTypes A="double"/>
        <row A="242.0"/>
        <row A="725.0"/>
        <row A="1450.0"/>
        <row A="2538.0"/>
        <row A="3384.0"/>
        <row A="4713.0"/>
        <row A="6164.0"/>
        <row A="7493.0"/>
        <row A="9064.0"/>
        <row A="10635.0"/>
        <row A="9669.0"/>
        <row A="8460.0"/>
        <row A="7372.0"/>
        <row A="6285.0"/>
        <row A="5197.0"/>
        <row A="4230.0"/>
        <row A="3142.0"/>
        <row A="2296.0"/>
        <row A="1692.0"/>
        <row A="1209.0"/>
        <row A="846.0"/>
        <row A="363.0"/>
        <row A="121.0"/>
        <row A="0.0"/>
        <row A="0.0"/>
        <row A="0.0"/>
        <row A="0.0"/>
        <row A="0.0"/>
      </table>
    </parameter>
  </group>
</parameters>