<?xml version="1.0" encoding="utf-8"?>
<parameters version="1.5" xsi:schemaLocation="http://www.wldelft.nl/fews/PI pi_modelparameters.xsd" xmlns:xsi="http://www.w3.org/2001/XMLSchema-instance" xmlns="http://www.wldelft.nl/fews/PI">
  <modifierType>BASEFLOW</modifierType>
  <modifierType>UNITHG</modifierType>
  <group id= "default">
    <parameter id="UHG_DURATION">
      <intValue>6</intValue>
    </parameter>
    <parameter id="UNIT">
      <stringValue>ENGLISH</stringValue>
    </parameter>
    <parameter id="UHG_INTERVAL">
      <intValue>6</intValue>
    </parameter>
    <parameter id="DRAINAGE_AREA">
      <dblValue>13914.5</dblValue>
    </parameter>
    <parameter id="CONSTANT_BASE_FLOW">
      <dblValue>0.0</dblValue>
    </parameter>
    <parameter id="UHG_ORDINATES">
      <table>
        <columnTypes A="double"/>
        <row A="6510.0"/>
        <row A="24737.0"/>
        <row A="49474.0"/>
        <row A="83325.0"/>
        <row A="122383.0"/>
        <row A="169253.0"/>
        <row A="203104.0"/>
        <row A="177065.0"/>
        <row A="156234.0"/>
        <row A="132799.0"/>
        <row A="104156.0"/>
        <row A="80721.0"/>
        <row A="59890.0"/>
        <row A="41662.0"/>
        <row A="28643.0"/>
        <row A="19529.0"/>
        <row A="12499.0"/>
        <row A="8593.0"/>
        <row A="5729.0"/>
        <row A="4166.0"/>
        <row A="2864.0"/>
        <row A="1823.0"/>
        <row A="1042.0"/>
        <row A="260.0"/>
        <row A="78.0"/>
        <row A="0.0"/>
        <row A="0.0"/>
        <row A="0.0"/>
        <row A="0.0"/>
        <row A="0.0"/>
        <row A="0.0"/>
        <row A="0.0"/>
        <row A="0.0"/>
        <row A="0.0"/>
        <row A="0.0"/>
      </table>
    </parameter>
  </group>
</parameters>