<?xml version="1.0" encoding="utf-8"?>
<parameters version="1.5" xsi:schemaLocation="http://www.wldelft.nl/fews/PI pi_modelparameters.xsd" xmlns:xsi="http://www.w3.org/2001/XMLSchema-instance" xmlns="http://www.wldelft.nl/fews/PI">
  <group id="default">  
      <!--basin definition parameters-->
    <parameter id="ELEV">
      <dblValue>688.0</dblValue>
    </parameter>
    <parameter id="ALAT">
      <dblValue>61.6</dblValue>
    </parameter>
    <parameter id="TAELEV">
      <dblValue>688.0</dblValue>
    </parameter>
        <!--major parameters-->   
    <parameter id="PXADJ">
      <dblValue>1.35</dblValue>
    </parameter>
    <parameter id="SCF">
      <dblValue>0.6</dblValue>
    </parameter>
    <parameter id="MFMAX">
      <dblValue>1.0</dblValue>
    </parameter>
    <parameter id="MFMIN">
      <dblValue>0.4</dblValue>
    </parameter>
    <parameter id="UADJ">
      <dblValue>0.15</dblValue>
    </parameter>
    <parameter id="SI">
      <dblValue>500.0</dblValue>
    </parameter>    
    <!--minor parameters-->
     <parameter id="NMF">
      <dblValue>0.15</dblValue>
     </parameter>   
    <parameter id="TIPM">
      <dblValue>0.1</dblValue>
    </parameter>
    <parameter id="MBASE">
      <dblValue>0.0</dblValue>
    </parameter>
    <parameter id="PXTEMP">
      <dblValue>3.0</dblValue>
    </parameter> 
    <parameter id="PLWHC">
      <dblValue>0.05</dblValue>
    </parameter>
    <parameter id="DAYGM">
      <dblValue>0.0</dblValue>
    </parameter>
    <parameter id="AREA_DEPLETION_CURVE">
      <table>
        <columnTypes A="double"/>
        <row A="0.05"/>
        <row A="0.15"/>
        <row A="0.36"/>
        <row A="0.42"/>
        <row A="0.45"/>
        <row A="0.47"/>
        <row A="0.48"/>
        <row A="0.52"/>
        <row A="0.58"/>
        <row A="0.71"/>
        <row A="1.0"/>
      </table>
    </parameter>
    <parameter id="AREA_ELEV_CURVE(METR)">
      <table>
        <columnTypes A="double" B="double"/>
        <row A="500.0" B="0.0"/>
        <row A="523.0" B="0.17"/>
        <row A="1060.0" B="0.96"/>
        <row A="1100.0" B="1.00"/>
      </table>
    </parameter>
<!--snow cover conditions-->
    <parameter id="WETOL[0., 1.0]">
      <dblValue>0.0</dblValue>
    </parameter>
   <parameter id="MV">
      <intValue>0</intValue>
    </parameter>
    <parameter id="SCTOL[0., 1.0]">
      <dblValue>3.0</dblValue>
    </parameter>    
    <!--inputs/outputs-->
    <parameter id="SASC_OUTPUT_TS_INTERVAL">
      <intValue>6</intValue>
    </parameter>
    <parameter id="SWE_OUTPUT_TS_INTERVAL">
      <intValue>6</intValue>
    </parameter>   
    <parameter id="SNSG_OUTPUT_TS_INTERVAL">
      <intValue>6</intValue>
    </parameter>
    <parameter id="RAIN_SNOW_ELEV_INPUT_OPTION">
      <boolValue>true</boolValue>
    </parameter>
  </group>
</parameters>