<?xml version="1.0" encoding="utf-8"?>
<parameters version="1.5" xsi:schemaLocation="http://www.wldelft.nl/fews/PI pi_modelparameters.xsd" xmlns:xsi="http://www.w3.org/2001/XMLSchema-instance" xmlns="http://www.wldelft.nl/fews/PI">
  <modifierType>BASEFLOW</modifierType>
  <modifierType>UNITHG</modifierType>
  <group id= "default">
    <parameter id="UHG_DURATION">
      <intValue>6</intValue>
    </parameter>
    <parameter id="UNIT">
      <stringValue>ENGLISH</stringValue>
    </parameter>
    <parameter id="UHG_INTERVAL">
      <intValue>6</intValue>
    </parameter>
    <parameter id="DRAINAGE_AREA">
      <dblValue>132.0</dblValue>
    </parameter>
    <parameter id="CONSTANT_BASE_FLOW">
      <dblValue>0.0</dblValue>
    </parameter>
    <parameter id="UHG_ORDINATES">
      <table>
        <columnTypes A="double"/>
        <row A="0.0"/>
        <row A="0.0"/>
        <row A="0.0"/>
        <row A="0.0"/>
        <row A="20.0"/>
        <row A="59.0"/>
        <row A="128.0"/>
        <row A="206.0"/>
        <row A="294.0"/>
        <row A="393.0"/>
        <row A="500.0"/>
        <row A="589.0"/>
        <row A="658.0"/>
        <row A="736.0"/>
        <row A="805.0"/>
        <row A="864.0"/>
        <row A="903.0"/>
        <row A="932.0"/>
        <row A="883.0"/>
        <row A="805.0"/>
        <row A="736.0"/>
        <row A="667.0"/>
        <row A="599.0"/>
        <row A="530.0"/>
        <row A="461.0"/>
        <row A="402.0"/>
        <row A="353.0"/>
        <row A="314.0"/>
        <row A="275.0"/>
        <row A="236.0"/>
        <row A="206.0"/>
        <row A="177.0"/>
        <row A="147.0"/>
        <row A="118.0"/>
        <row A="88.0"/>
        <row A="59.0"/>
        <row A="39.0"/>
        <row A="20.0"/>
        <row A="10.0"/>
        <row A="0.0"/>
        <row A="0.0"/>
        <row A="0.0"/>
      </table>
    </parameter>
  </group>
</parameters>