<?xml version="1.0" encoding="utf-8"?>
<parameters version="1.5" xsi:schemaLocation="http://www.wldelft.nl/fews/PI http://chps1/schemas/pi-schemas/pi_modelparameters.xsd" xmlns:xsi="http://www.w3.org/2001/XMLSchema-instance" xmlns="http://www.wldelft.nl/fews/PI">
  <modifierType>BASEFLOW</modifierType>
  <modifierType>UNITHG</modifierType>
  <group id= "default">
    <parameter id="UHG_DURATION">
      <intValue>6</intValue>
    </parameter>
    <parameter id="UNIT">
      <stringValue>ENGLISH</stringValue>
    </parameter>
    <parameter id="UHG_INTERVAL">
      <intValue>6</intValue>
    </parameter>
    <parameter id="DRAINAGE_AREA">
      <dblValue>1701.0</dblValue>
    </parameter>
    <parameter id="CONSTANT_BASE_FLOW">
      <dblValue>0.0</dblValue>
    </parameter>
    <parameter id="UHG_ORDINATES">
      <table>
        <columnTypes A="double"/>
        <row A="4455.8"/>
        <row A="15493.6"/>
        <row A="61400.3"/>
        <row A="49828.0"/>
        <row A="24914.0"/>
        <row A="12651.7"/>
        <row A="7007.1"/>
        <row A="4087.4"/>
        <row A="2335.7"/>
        <row A="778.5"/>
        <row A="0.0"/>
        <row A="0.0"/>
        <row A="0.0"/>
        <row A="0.0"/>
        <row A="0.0"/>
        <row A="0.0"/>
        <row A="0.0"/>
        <row A="0.0"/>
        <row A="0.0"/>
      </table>
    </parameter>
  </group>
</parameters>