<?xml version="1.0" encoding="utf-8"?>
<parameters version="1.5" xsi:schemaLocation="http://www.wldelft.nl/fews/PI http://chps1/schemas/pi-schemas/pi_modelparameters.xsd" xmlns:xsi="http://www.w3.org/2001/XMLSchema-instance" xmlns="http://www.wldelft.nl/fews/PI">
  <group id="default">
    <parameter id="CG1_PARAMETER">
      <dblValue>-5.0</dblValue>
    </parameter>
    <parameter id="GLACIER_STORAGE">
      <dblValue>38.2</dblValue>
    </parameter>
    <parameter id="ANTECEDENT_FLOW_ID">
      <stringValue>GCGA2FAI</stringValue>
    </parameter>
    <parameter id="INITIAL_AFI_DECAY_PARAMETER">
      <dblValue>104.7</dblValue>
    </parameter>
    <parameter id="TS_OUTPUT_TIME_STEP">
      <intValue>1</intValue>
    </parameter>
    <parameter id="TS_OUTPUT_TYPE">
      <stringValue>GOUT</stringValue>
    </parameter>
    <parameter id="KG2_PARAMETER">
      <dblValue>0.45</dblValue>
    </parameter>
    <parameter id="CG2_PARAMETER">
      <dblValue>0.02</dblValue>
    </parameter>
    <parameter id="TS_ID">
      <stringValue>GCGA2GL</stringValue>
    </parameter>
    <parameter id="KG1_PARAMETER">
      <dblValue>0.15</dblValue>
    </parameter>
    <parameter id="TS_TYPE">
      <stringValue>RAIM</stringValue>
    </parameter>
    <parameter id="ANTECEDENT_FLOW_TYPE">
      <stringValue>AFAI</stringValue>
    </parameter>
    <parameter id="TS_OUTPUT_ID">
      <stringValue>GCGA2GL</stringValue>
    </parameter>
    <parameter id="AFI_DECAY_PARAMETER">
      <dblValue>0.95</dblValue>
    </parameter>
  </group>
</parameters>
