<?xml version="1.0" encoding="utf-8"?>
<parameters version="1.5" xsi:schemaLocation="http://www.wldelft.nl/fews/PI pi_modelparameters.xsd" xmlns:xsi="http://www.w3.org/2001/XMLSchema-instance" xmlns="http://www.wldelft.nl/fews/PI">
  <group id="default">
    <parameter id="X_PARAMETER">
      <dblValue>0.15</dblValue>
    </parameter>
    <parameter id="INITIAL_OUTFLOW">
      <dblValue>76.0583</dblValue>
    </parameter>
    <parameter id="K_PARAMETER">
      <dblValue>16.5</dblValue>
    </parameter>
    <parameter id="GENERAL_INFO">
      <stringValue>CSN Q ROUTED TO TOK</stringValue>
    </parameter>
    <parameter id="CARRYOVER_FLAG">
      <intValue>1</intValue>
    </parameter>
    <parameter id="TS_INFLOW_TYPE">
      <stringValue>QINE</stringValue>
    </parameter>
    <parameter id="TS_OUTFLOW_TIMESTEP">
      <intValue>6</intValue>
    </parameter>
    <parameter id="TS_INFLOW_ID">
      <stringValue>CRNA2</stringValue>
    </parameter>
    <parameter id="TS_OUTFLOW_ID">
      <stringValue>CRNA2RTD</stringValue>
    </parameter>
    <parameter id="TS_INFLOW_TIMESTEP">
      <intValue>6</intValue>
    </parameter>
    <parameter id="TS_OUTFLOW_TYPE">
      <stringValue>SQIN</stringValue>
    </parameter>
    <parameter id="INITIAL_INFLOW">
      <dblValue>75.9661</dblValue>
    </parameter>
  </group>
</parameters>