<?xml version="1.0" encoding="utf-8"?>
<parameters version="1.5" xsi:schemaLocation="http://www.wldelft.nl/fews/PI pi_modelparameters.xsd" xmlns:xsi="http://www.w3.org/2001/XMLSchema-instance" xmlns="http://www.wldelft.nl/fews/PI">
  <modifierType>BASEFLOW</modifierType>
  <modifierType>UNITHG</modifierType>
  <group id= "default">
    <parameter id="UHG_DURATION">
      <intValue>6</intValue>
    </parameter>
    <parameter id="UNIT">
      <stringValue>ENGLISH</stringValue>
    </parameter>
    <parameter id="UHG_INTERVAL">
      <intValue>6</intValue>
    </parameter>
    <parameter id="DRAINAGE_AREA">
      <dblValue>180.0</dblValue>
    </parameter>
    <parameter id="CONSTANT_BASE_FLOW">
      <dblValue>0.0</dblValue>
    </parameter>
    <parameter id="UHG_ORDINATES">
      <table>
        <columnTypes A="double"/>
        <row A="0.0"/>
        <row A="56.6"/>
        <row A="152.2"/>
        <row A="311.5"/>
        <row A="499.6"/>
        <row A="754.5"/>
        <row A="975.0"/>
        <row A="1188.7"/>
        <row A="1391.9"/>
        <row A="1553.8"/>
        <row A="1636.5"/>
        <row A="1657.1"/>
        <row A="1576.9"/>
        <row A="1418.5"/>
        <row A="1219.7"/>
        <row A="1044.5"/>
        <row A="872.7"/>
        <row A="727.8"/>
        <row A="586.3"/>
        <row A="461.6"/>
        <row A="350.4"/>
        <row A="266.2"/>
        <row A="195.4"/>
        <row A="124.7"/>
        <row A="74.1"/>
        <row A="47.2"/>
        <row A="27.0"/>
        <row A="10.6"/>
        <row A="0.0"/>
        <row A="0.0"/>
        <row A="0.0"/>
        <row A="0.0"/>
        <row A="0.0"/>
        <row A="0.0"/>
        <row A="0.0"/>
      </table>
    </parameter>
  </group>
</parameters>