<?xml version="1.0" encoding="utf-8"?>
<parameters version="1.5" xsi:schemaLocation="http://www.wldelft.nl/fews/PI pi_modelparameters.xsd" xmlns:xsi="http://www.w3.org/2001/XMLSchema-instance" xmlns="http://www.wldelft.nl/fews/PI">
  <modifierType>BASEFLOW</modifierType>
  <modifierType>UNITHG</modifierType>
  <group id= "default">
    <parameter id="UHG_DURATION">
      <intValue>6</intValue>
    </parameter>
    <parameter id="UNIT">
      <stringValue>ENGLISH</stringValue>
    </parameter>
    <parameter id="UHG_INTERVAL">
      <intValue>6</intValue>
    </parameter>
    <parameter id="DRAINAGE_AREA">
      <dblValue>153.0</dblValue>
    </parameter>
    <parameter id="CONSTANT_BASE_FLOW">
      <dblValue>0.0</dblValue>
    </parameter>
    <parameter id="UHG_ORDINATES">
      <table>
        <columnTypes A="double"/>
        <row A="0.0"/>
        <row A="126.0"/>
        <row A="360.0"/>
        <row A="716.0"/>
        <row A="1333.0"/>
        <row A="2049.0"/>
        <row A="2512.0"/>
        <row A="2256.0"/>
        <row A="1846.0"/>
        <row A="1463.0"/>
        <row A="1103.0"/>
        <row A="797.0"/>
        <row A="563.0"/>
        <row A="410.0"/>
        <row A="306.0"/>
        <row A="230.0"/>
        <row A="153.0"/>
        <row A="113.0"/>
        <row A="77.0"/>
        <row A="32.0"/>
        <row A="0.0"/>
        <row A="0.0"/>
        <row A="0.0"/>
        <row A="0.0"/>
        <row A="0.0"/>
        <row A="0.0"/>
        <row A="0.0"/>
        <row A="0.0"/>
      </table>
    </parameter>
  </group>
</parameters>