<?xml version="1.0" encoding="utf-8"?>
<parameters version="1.5" xsi:schemaLocation="http://www.wldelft.nl/fews/PI pi_modelparameters.xsd" xmlns:xsi="http://www.w3.org/2001/XMLSchema-instance" xmlns="http://www.wldelft.nl/fews/PI">
  <modifierType>BASEFLOW</modifierType>
  <modifierType>UNITHG</modifierType>
  <group id= "default">
    <parameter id="UHG_DURATION">
      <intValue>6</intValue>
    </parameter>
    <parameter id="UNIT">
      <stringValue>ENGLISH</stringValue>
    </parameter>
    <parameter id="UHG_INTERVAL">
      <intValue>6</intValue>
    </parameter>
    <parameter id="DRAINAGE_AREA">
      <dblValue>9297.0</dblValue>
    </parameter>
    <parameter id="CONSTANT_BASE_FLOW">
      <dblValue>0.0</dblValue>
    </parameter>
    <parameter id="UHG_ORDINATES">
      <table>
        <columnTypes A="double"/>
        <row A="6043.0"/>
        <row A="12892.0"/>
        <row A="19741.0"/>
        <row A="26188.0"/>
        <row A="36877.0"/>
        <row A="65656.0"/>
        <row A="141013.0"/>
        <row A="168410.0"/>
        <row A="136582.0"/>
        <row A="102928.0"/>
        <row A="83802.0"/>
        <row A="60031.0"/>
        <row A="40269.0"/>
        <row A="29850.0"/>
        <row A="23287.0"/>
        <row A="15011.0"/>
        <row A="10717.0"/>
        <row A="9387.0"/>
        <row A="7574.0"/>
        <row A="6365.0"/>
        <row A="0.0"/>
        <row A="0.0"/>
        <row A="0.0"/>
        <row A="0.0"/>
        <row A="0.0"/>
        <row A="0.0"/>
        <row A="0.0"/>
        <row A="0.0"/>
      </table>
    </parameter>
  </group>
</parameters>