<?xml version="1.0" encoding="utf-8"?>
<parameters version="1.5" xsi:schemaLocation="http://www.wldelft.nl/fews/PI pi_modelparameters.xsd" xmlns:xsi="http://www.w3.org/2001/XMLSchema-instance" xmlns="http://www.wldelft.nl/fews/PI">
  <modifierType>BASEFLOW</modifierType>
  <modifierType>UNITHG</modifierType>
  <group id= "default">
    <parameter id="UHG_DURATION">
      <intValue>6</intValue>
    </parameter>
    <parameter id="UNIT">
      <stringValue>ENGLISH</stringValue>
    </parameter>
    <parameter id="UHG_INTERVAL">
      <intValue>6</intValue>
    </parameter>
    <parameter id="DRAINAGE_AREA">
      <dblValue>163.0</dblValue>
    </parameter>
    <parameter id="CONSTANT_BASE_FLOW">
      <dblValue>0.0</dblValue>
    </parameter>
    <parameter id="UHG_ORDINATES">
      <table>
        <columnTypes A="double"/>
        <row A="1364.0"/>
        <row A="2112.0"/>
        <row A="2360.0"/>
        <row A="2609.0"/>
        <row A="2167.0"/>
        <row A="1725.0"/>
        <row A="1344.0"/>
        <row A="963.0"/>
        <row A="764.0"/>
        <row A="565.0"/>
        <row A="449.0"/>
        <row A="333.0"/>
        <row A="258.0"/>
        <row A="184.0"/>
        <row A="136.0"/>
        <row A="88.0"/>
        <row A="58.0"/>
        <row A="28.0"/>
        <row A="17.0"/>
        <row A="5.0"/>
        <row A="3.0"/>
        <row A="0.0"/>
        <row A="0.0"/>
        <row A="0.0"/>
        <row A="0.0"/>
        <row A="0.0"/>
        <row A="0.0"/>
        <row A="0.0"/>
      </table>
    </parameter>
  </group>
</parameters>