<?xml version="1.0" encoding="utf-8"?>
<parameters version="1.5" xsi:schemaLocation="http://www.wldelft.nl/fews/PI pi_modelparameters.xsd" xmlns:xsi="http://www.w3.org/2001/XMLSchema-instance" xmlns="http://www.wldelft.nl/fews/PI">
  <modifierType>BASEFLOW</modifierType>
  <modifierType>UNITHG</modifierType>
  <group id= "default">
    <parameter id="UHG_DURATION">
      <intValue>6</intValue>
    </parameter>
    <parameter id="UNIT">
      <stringValue>ENGLISH</stringValue>
    </parameter>
    <parameter id="UHG_INTERVAL">
      <intValue>6</intValue>
    </parameter>
    <parameter id="DRAINAGE_AREA">
      <dblValue>1065.0</dblValue>
    </parameter>
    <parameter id="CONSTANT_BASE_FLOW">
      <dblValue>0.0</dblValue>
    </parameter>
    <parameter id="UHG_ORDINATES">
      <table>
        <columnTypes A="double"/>
        <row A="7012.0"/>
        <row A="15193.0"/>
        <row A="22204.0"/>
        <row A="22204.0"/>
        <row A="16127.0"/>
        <row A="11219.0"/>
        <row A="7947.0"/>
        <row A="5610.0"/>
        <row A="3973.0"/>
        <row A="2337.0"/>
        <row A="701.0"/>
        <row A="0.0"/>
        <row A="0.0"/>
        <row A="0.0"/>
        <row A="0.0"/>
        <row A="0.0"/>
        <row A="0.0"/>
        <row A="0.0"/>
        <row A="0.0"/>
        <row A="0.0"/>
        <row A="0.0"/>
      </table>
    </parameter>
  </group>
</parameters>