<?xml version="1.0" encoding="utf-8"?>
<parameters version="1.5" xsi:schemaLocation="http://www.wldelft.nl/fews/PI pi_modelparameters.xsd" xmlns:xsi="http://www.w3.org/2001/XMLSchema-instance" xmlns="http://www.wldelft.nl/fews/PI">
  <group id="default">
    <parameter id="MV">
      <intValue>0</intValue>
    </parameter>
    <parameter id="MBASE">
      <dblValue>1.5</dblValue>
    </parameter>
    <parameter id="TAELEV">
      <dblValue>800.0</dblValue>
    </parameter>
    <parameter id="TIPM">
      <dblValue>0.1</dblValue>
    </parameter>
    <parameter id="SCF">
      <dblValue>1.03</dblValue>
    </parameter>
    <parameter id="PXTEMP">
      <dblValue>1.0</dblValue>
    </parameter>
    <parameter id="SASC_OUTPUT_TS_INTERVAL">
      <intValue>6</intValue>
    </parameter>
    <parameter id="SI">
      <dblValue>999.0</dblValue>
    </parameter>
    <parameter id="ELEV">
      <dblValue>800.0</dblValue>
    </parameter>
    <parameter id="PXADJ">
      <dblValue>1.0</dblValue>
    </parameter>
    <parameter id="SWE_OUTPUT_TS_INTERVAL">
      <intValue>6</intValue>
    </parameter>
    <parameter id="UADJ">
      <dblValue>0.0010</dblValue>
    </parameter>
    <parameter id="MFMIN">
      <dblValue>0.15</dblValue>
    </parameter>
    <parameter id="SNSG_OUTPUT_TS_INTERVAL">
      <intValue>6</intValue>
    </parameter>
    <parameter id="WETOL[0., 1.0]">
      <dblValue>0.0</dblValue>
    </parameter>
    <parameter id="NMF">
      <dblValue>0.3</dblValue>
    </parameter>
    <parameter id="AREA_ELEV_CURVE(METR)">
      <table>
        <columnTypes A="double" B="double"/>
        <row A="577.0" B="0.0"/>
        <row A="595.0" B="0.05"/>
        <row A="611.0" B="0.13"/>
        <row A="631.0" B="0.18"/>
        <row A="736.0" B="0.3"/>
        <row A="813.0" B="0.4"/>
        <row A="844.0" B="0.45"/>
        <row A="882.0" B="0.7"/>
        <row A="901.0" B="0.82"/>
        <row A="913.0" B="0.92"/>
        <row A="914.0" B="1.0"/>
      </table>
    </parameter>
    <parameter id="SCTOL[0., 1.0]">
      <dblValue>0.0</dblValue>
    </parameter>
    <parameter id="ALAT">
      <dblValue>62.9</dblValue>
    </parameter>
    <parameter id="MFMAX">
      <dblValue>0.65</dblValue>
    </parameter>
    <parameter id="PLWHC">
      <dblValue>0.05</dblValue>
    </parameter>
    <parameter id="RAIN_SNOW_ELEV_INPUT_OPTION">
      <boolValue>true</boolValue>
    </parameter>
    <parameter id="DAYGM">
      <dblValue>0.02</dblValue>
    </parameter>
    <parameter id="AREA_DEPLETION_CURVE">
      <table>
        <columnTypes A="double"/>
        <row A="0.05"/>
        <row A="0.16"/>
        <row A="0.23"/>
        <row A="0.3"/>
        <row A="0.35"/>
        <row A="0.39"/>
        <row A="0.45"/>
        <row A="0.51"/>
        <row A="0.59"/>
        <row A="0.71"/>
        <row A="1.0"/>
      </table>
    </parameter>
  </group>
</parameters>