<?xml version="1.0" encoding="utf-8"?>
<parameters version="1.5" xsi:schemaLocation="http://www.wldelft.nl/fews/PI pi_modelparameters.xsd" xmlns:xsi="http://www.w3.org/2001/XMLSchema-instance" xmlns="http://www.wldelft.nl/fews/PI">
  <group id="default">
    <parameter id="TALMIN">
      <dblValue>0.25</dblValue>
    </parameter>
    <parameter id="TAELEV">
      <dblValue>1284.0</dblValue>
    </parameter>
    <parameter id="TIPM">
      <dblValue>0.1</dblValue>
    </parameter>
    <parameter id="TALMAX">
      <dblValue>0.65</dblValue>
    </parameter>
    <parameter id="SASC_OUTPUT_TS_INTERVAL">
      <intValue>6</intValue>
    </parameter>
    <parameter id="PXTEMP">
      <dblValue>1.7</dblValue>
    </parameter>
    <parameter id="PXADJ">
      <dblValue>1.0</dblValue>
    </parameter>
    <parameter id="ELEV">
      <dblValue>1784.0</dblValue>
    </parameter>
    <parameter id="UADJ">
      <dblValue>0.02</dblValue>
    </parameter>
    <parameter id="MFMIN">
      <dblValue>0.2</dblValue>
    </parameter>
    <parameter id="NMF">
      <dblValue>0.15</dblValue>
    </parameter>
    <parameter id="WETOL[0., 1.0]">
      <dblValue>0.0</dblValue>
    </parameter>
    <parameter id="ALAT">
      <dblValue>59.5</dblValue>
    </parameter>
    <parameter id="PLWHC">
      <dblValue>0.1</dblValue>
    </parameter>
    <parameter id="MV">
      <intValue>0</intValue>
    </parameter>
    <parameter id="MBASE">
      <dblValue>-1.0</dblValue>
    </parameter>
    <parameter id="SCF">
      <dblValue>1.0</dblValue>
    </parameter>
    <parameter id="SI">
      <dblValue>0.0</dblValue>
    </parameter>
    <parameter id="SWE_OUTPUT_TS_INTERVAL">
      <intValue>6</intValue>
    </parameter>
    <parameter id="SNSG_OUTPUT_TS_INTERVAL">
      <intValue>6</intValue>
    </parameter>
    <parameter id="AREA_ELEV_CURVE(METR)">
      <table>
        <columnTypes A="double" B="double"/>
        <row A="292.0" B="0.0"/>
        <row A="408.0" B="0.04"/>
        <row A="593.0" B="0.08"/>
        <row A="804.0" B="0.14"/>
        <row A="929.0" B="0.26"/>
        <row A="1049.0" B="0.3"/>
        <row A="1094.0" B="0.35"/>
        <row A="1200.0" B="0.39"/>
        <row A="1347.0" B="0.52"/>
        <row A="1652.0" B="0.75"/>
        <row A="1811.0" B="0.9"/>
        <row A="1859.0" B="1.0"/>
      </table>
    </parameter>
    <parameter id="SCTOL[0., 1.0]">
      <dblValue>0.0</dblValue>
    </parameter>
    <parameter id="MFMAX">
      <dblValue>0.75</dblValue>
    </parameter>
    <parameter id="RAIN_SNOW_ELEV_INPUT_OPTION">
      <boolValue>true</boolValue>
    </parameter>
    <parameter id="DAYGM">
      <dblValue>0.0</dblValue>
    </parameter>
    <parameter id="AREA_DEPLETION_CURVE">
      <table>
        <columnTypes A="double"/>
        <row A="0.05"/>
        <row A="0.2"/>
        <row A="0.3"/>
        <row A="0.37"/>
        <row A="0.43"/>
        <row A="0.48"/>
        <row A="0.53"/>
        <row A="0.57"/>
        <row A="0.63"/>
        <row A="0.73"/>
        <row A="1.0"/>
      </table>
    </parameter>
  </group>
</parameters>