<?xml version="1.0" encoding="utf-8"?>
<parameters version="1.5" xsi:schemaLocation="http://www.wldelft.nl/fews/PI pi_modelparameters.xsd" xmlns:xsi="http://www.w3.org/2001/XMLSchema-instance" xmlns="http://www.wldelft.nl/fews/PI">
  <group id="default">
    <parameter id="TALMIN">
      <dblValue>0.5</dblValue>
    </parameter>
    <parameter id="TAELEV">
      <dblValue>1920.0</dblValue>
    </parameter>
    <parameter id="TIPM">
      <dblValue>0.1</dblValue>
    </parameter>
    <parameter id="TALMAX">
      <dblValue>0.6</dblValue>
    </parameter>
    <parameter id="SASC_OUTPUT_TS_INTERVAL">
      <intValue>6</intValue>
    </parameter>
    <parameter id="PXTEMP">
      <dblValue>1.7</dblValue>
    </parameter>
    <parameter id="PXADJ">
      <dblValue>1.0</dblValue>
    </parameter>
    <parameter id="ELEV">
      <dblValue>1823.0</dblValue>
    </parameter>
    <parameter id="UADJ">
      <dblValue>0.15</dblValue>
    </parameter>
    <parameter id="MFMIN">
      <dblValue>0.3</dblValue>
    </parameter>
    <parameter id="NMF">
      <dblValue>0.15</dblValue>
    </parameter>
    <parameter id="WETOL[0., 1.0]">
      <dblValue>0.0</dblValue>
    </parameter>
    <parameter id="ALAT">
      <dblValue>63.6</dblValue>
    </parameter>
    <parameter id="PLWHC">
      <dblValue>0.05</dblValue>
    </parameter>
    <parameter id="MV">
      <intValue>0</intValue>
    </parameter>
    <parameter id="MBASE">
      <dblValue>0.0</dblValue>
    </parameter>
    <parameter id="SCF">
      <dblValue>1.0</dblValue>
    </parameter>
    <parameter id="SI">
      <dblValue>0.0</dblValue>
    </parameter>
    <parameter id="SWE_OUTPUT_TS_INTERVAL">
      <intValue>6</intValue>
    </parameter>
    <parameter id="SNSG_OUTPUT_TS_INTERVAL">
      <intValue>6</intValue>
    </parameter>
    <parameter id="AREA_ELEV_CURVE(METR)">
      <table>
        <columnTypes A="double" B="double"/>
        <row A="922.0" B="0.0"/>
        <row A="1182.0" B="0.05"/>
        <row A="1303.0" B="0.1"/>
        <row A="1479.0" B="0.2"/>
        <row A="1674.0" B="0.35"/>
        <row A="1823.0" B="0.5"/>
        <row A="1962.0" B="0.65"/>
        <row A="2064.0" B="0.75"/>
        <row A="2278.0" B="0.9"/>
        <row A="2408.0" B="0.95"/>
        <row A="3290.0" B="1.0"/>
      </table>
    </parameter>
    <parameter id="SCTOL[0., 1.0]">
      <dblValue>0.0</dblValue>
    </parameter>
    <parameter id="MFMAX">
      <dblValue>1.3</dblValue>
    </parameter>
    <parameter id="RAIN_SNOW_ELEV_INPUT_OPTION">
      <boolValue>true</boolValue>
    </parameter>
    <parameter id="DAYGM">
      <dblValue>0.0</dblValue>
    </parameter>
    <parameter id="AREA_DEPLETION_CURVE">
      <table>
        <columnTypes A="double"/>
        <row A="0.05"/>
        <row A="0.15"/>
        <row A="0.3"/>
        <row A="0.45"/>
        <row A="0.5"/>
        <row A="0.55"/>
        <row A="0.6"/>
        <row A="0.65"/>
        <row A="0.7"/>
        <row A="0.8"/>
        <row A="1.0"/>
      </table>
    </parameter>
  </group>
</parameters>