<?xml version="1.0" encoding="utf-8"?>
<parameters version="1.5" xsi:schemaLocation="http://www.wldelft.nl/fews/PI pi_modelparameters.xsd" xmlns:xsi="http://www.w3.org/2001/XMLSchema-instance" xmlns="http://www.wldelft.nl/fews/PI">
  <group id="default">
    <parameter id="TALMIN">
      <dblValue>0.5</dblValue>
    </parameter>
    <parameter id="TAELEV">
      <dblValue>1286.0</dblValue>
    </parameter>
    <parameter id="TIPM">
      <dblValue>0.1</dblValue>
    </parameter>
    <parameter id="TALMAX">
      <dblValue>0.4</dblValue>
    </parameter>
    <parameter id="SASC_OUTPUT_TS_INTERVAL">
      <intValue>6</intValue>
    </parameter>
    <parameter id="PXTEMP">
      <dblValue>1.0</dblValue>
    </parameter>
    <parameter id="PXADJ">
      <dblValue>1.0</dblValue>
    </parameter>
    <parameter id="ELEV">
      <dblValue>1483.0</dblValue>
    </parameter>
    <parameter id="UADJ">
      <dblValue>0.0010</dblValue>
    </parameter>
    <parameter id="MFMIN">
      <dblValue>0.02</dblValue>
    </parameter>
    <parameter id="NMF">
      <dblValue>0.3</dblValue>
    </parameter>
    <parameter id="WETOL[0., 1.0]">
      <dblValue>0.0</dblValue>
    </parameter>
    <parameter id="ALAT">
      <dblValue>64.2</dblValue>
    </parameter>
    <parameter id="PLWHC">
      <dblValue>0.05</dblValue>
    </parameter>
    <parameter id="MV">
      <intValue>0</intValue>
    </parameter>
    <parameter id="MBASE">
      <dblValue>2.0</dblValue>
    </parameter>
    <parameter id="SCF">
      <dblValue>1.0</dblValue>
    </parameter>
    <parameter id="SI">
      <dblValue>180.0</dblValue>
    </parameter>
    <parameter id="SWE_OUTPUT_TS_INTERVAL">
      <intValue>6</intValue>
    </parameter>
    <parameter id="SNSG_OUTPUT_TS_INTERVAL">
      <intValue>6</intValue>
    </parameter>
    <parameter id="AREA_ELEV_CURVE(METR)">
      <table>
        <columnTypes A="double" B="double"/>
        <row A="915.0" B="0.0"/>
        <row A="1242.0" B="0.1"/>
        <row A="1298.0" B="0.24"/>
        <row A="1448.0" B="0.43"/>
        <row A="1518.0" B="0.62"/>
        <row A="1540.0" B="0.72"/>
        <row A="1627.0" B="0.86"/>
        <row A="1781.0" B="0.95"/>
        <row A="1838.0" B="0.99"/>
        <row A="2190.0" B="1.0"/>
      </table>
    </parameter>
    <parameter id="SCTOL[0., 1.0]">
      <dblValue>0.0</dblValue>
    </parameter>
    <parameter id="MFMAX">
      <dblValue>0.55</dblValue>
    </parameter>
    <parameter id="RAIN_SNOW_ELEV_INPUT_OPTION">
      <boolValue>true</boolValue>
    </parameter>
    <parameter id="DAYGM">
      <dblValue>0.02</dblValue>
    </parameter>
    <parameter id="AREA_DEPLETION_CURVE">
      <table>
        <columnTypes A="double"/>
        <row A="0.05"/>
        <row A="0.11"/>
        <row A="0.16"/>
        <row A="0.2"/>
        <row A="0.23"/>
        <row A="0.28"/>
        <row A="0.31"/>
        <row A="0.36"/>
        <row A="0.44"/>
        <row A="0.56"/>
        <row A="1.0"/>
      </table>
    </parameter>
  </group>
</parameters>