<?xml version="1.0" encoding="utf-8"?>
<parameters version="1.5" xsi:schemaLocation="http://www.wldelft.nl/fews/PI http://chps1/schemas/pi-schemas/pi_modelparameters.xsd" xmlns:xsi="http://www.w3.org/2001/XMLSchema-instance" xmlns="http://www.wldelft.nl/fews/PI">
	<group id="default">
		<parameter id="MV">
			<intValue>0</intValue>
		</parameter>
		<parameter id="MBASE">
			<dblValue>0.0</dblValue>
		</parameter>
		<parameter id="TAELEV">
			<dblValue>919.6</dblValue>
		</parameter>
		<parameter id="TIPM">
			<dblValue>0.1</dblValue>
		</parameter>
		<parameter id="SCF">
			<dblValue>1.0</dblValue>
		</parameter>
		<parameter id="PXTEMP">
			<dblValue>1.0</dblValue>
		</parameter>
		<parameter id="SASC_OUTPUT_TS_INTERVAL">
			<intValue>6</intValue>
		</parameter>
		<parameter id="SI">
			<dblValue>999.0</dblValue>
		</parameter>
		<parameter id="ELEV">
			<dblValue>919.6</dblValue>
		</parameter>
		<parameter id="PXADJ">
			<dblValue>1.0</dblValue>
		</parameter>
		<parameter id="SWE_OUTPUT_TS_INTERVAL">
			<intValue>6</intValue>
		</parameter>
		<parameter id="UADJ">
			<dblValue>0.15</dblValue>
		</parameter>
		<parameter id="MFMIN">
			<dblValue>0.1</dblValue>
		</parameter>
		<parameter id="SNSG_OUTPUT_TS_INTERVAL">
			<intValue>24</intValue>
		</parameter>
		<parameter id="WETOL[0., 1.0]">
			<dblValue>0.0</dblValue>
		</parameter>
		<parameter id="NMF">
			<dblValue>0.2</dblValue>
		</parameter>
		<parameter id="AREA_ELEV_CURVE(METR)">
			<table>
				<columnTypes A="double" B="double"/>
				<row A="630" B="0"/>
				<row A="659" B="0.05"/>
				<row A="689" B="0.1"/>
				<row A="719" B="0.15"/>
				<row A="749" B="0.2"/>
				<row A="779" B="0.25"/>
				<row A="809" B="0.3"/>
				<row A="839" B="0.35"/>
				<row A="869" B="0.4"/>
				<row A="898" B="0.45"/>
				<row A="928" B="0.5"/>
				<row A="958" B="0.55"/>
				<row A="995" B="0.6"/>
				<row A="1033" B="0.65"/>
				<row A="1070" B="0.7"/>
				<row A="1115" B="0.75"/>
				<row A="1160" B="0.8"/>
				<row A="1212" B="0.85"/>
				<row A="1279" B="0.9"/>
				<row A="1376" B="0.95"/>
				<row A="2482" B="1"/>
			</table>
		</parameter>
		<parameter id="SCTOL[0., 1.0]">
			<dblValue>0.0</dblValue>
		</parameter>
		<parameter id="ALAT">
			<dblValue>67.2</dblValue>
		</parameter>
		<parameter id="MFMAX">
			<dblValue>0.8</dblValue>
		</parameter>
		<parameter id="PLWHC">
			<dblValue>0.1</dblValue>
		</parameter>
		<parameter id="RAIN_SNOW_ELEV_INPUT_OPTION">
			<boolValue>true</boolValue>
		</parameter>
		<parameter id="DAYGM">
			<dblValue>0.0</dblValue>
		</parameter>
		<parameter id="AREA_DEPLETION_CURVE">
			<table>
				<columnTypes A="double"/>
				<row A="0.05"/>
				<row A="0.08"/>
				<row A="0.14"/>
				<row A="0.3"/>
				<row A="0.37"/>
				<row A="0.41"/>
				<row A="0.47"/>
				<row A="0.55"/>
				<row A="0.67"/>
				<row A="0.87"/>
				<row A="1.0"/>
			</table>
		</parameter>
	</group>
</parameters>
