<?xml version="1.0" encoding="utf-8"?>
<parameters version="1.5" xsi:schemaLocation="http://www.wldelft.nl/fews/PI pi_modelparameters.xsd" xmlns:xsi="http://www.w3.org/2001/XMLSchema-instance" xmlns="http://www.wldelft.nl/fews/PI">
  <modifierType>BASEFLOW</modifierType>
  <modifierType>UNITHG</modifierType>
  <group id= "default">
    <parameter id="UHG_DURATION">
      <intValue>6</intValue>
    </parameter>
    <parameter id="UNIT">
      <stringValue>ENGLISH</stringValue>
    </parameter>
    <parameter id="UHG_INTERVAL">
      <intValue>6</intValue>
    </parameter>
    <parameter id="DRAINAGE_AREA">
      <dblValue>3080.1</dblValue>
    </parameter>
    <parameter id="CONSTANT_BASE_FLOW">
      <dblValue>0.0</dblValue>
    </parameter>
    <parameter id="UHG_ORDINATES">
      <table>
        <columnTypes A="double"/>
        <row A="1750.0"/>
        <row A="4375.0"/>
        <row A="8167.0"/>
        <row A="12834.0"/>
        <row A="18668.0"/>
        <row A="25668.0"/>
        <row A="31502.0"/>
        <row A="35002.0"/>
        <row A="33252.0"/>
        <row A="29752.0"/>
        <row A="26835.0"/>
        <row A="23335.0"/>
        <row A="19834.0"/>
        <row A="16043.0"/>
        <row A="12834.0"/>
        <row A="9917.0"/>
        <row A="7584.0"/>
        <row A="4959.0"/>
        <row A="3500.0"/>
        <row A="2217.0"/>
        <row A="1283.0"/>
        <row A="817.0"/>
        <row A="525.0"/>
        <row A="350.0"/>
        <row A="175.0"/>
        <row A="58.0"/>
        <row A="0.0"/>
        <row A="0.0"/>
        <row A="0.0"/>
        <row A="0.0"/>
        <row A="0.0"/>
        <row A="0.0"/>
        <row A="0.0"/>
        <row A="0.0"/>
        <row A="0.0"/>
      </table>
    </parameter>
  </group>
</parameters>