<?xml version="1.0" encoding="utf-8"?>
<parameters version="1.5" xsi:schemaLocation="http://www.wldelft.nl/fews/PI pi_modelparameters.xsd" xmlns:xsi="http://www.w3.org/2001/XMLSchema-instance" xmlns="http://www.wldelft.nl/fews/PI">
  <group id="default">
    <parameter id="MV">
      <intValue>0</intValue>
    </parameter>
    <parameter id="MBASE">
      <dblValue>0.0</dblValue>
    </parameter>
    <parameter id="TAELEV">
      <dblValue>709.0</dblValue>
    </parameter>
    <parameter id="TIPM">
      <dblValue>0.1</dblValue>
    </parameter>
    <parameter id="SCF">
      <dblValue>1.0</dblValue>
    </parameter>
    <parameter id="PXTEMP">
      <dblValue>2.3</dblValue>
    </parameter>
    <parameter id="SASC_OUTPUT_TS_INTERVAL">
      <intValue>6</intValue>
    </parameter>
    <parameter id="SI">
      <dblValue>160.0</dblValue>
    </parameter>
    <parameter id="ELEV">
      <dblValue>709.0</dblValue>
    </parameter>
    <parameter id="PXADJ">
      <dblValue>1.0</dblValue>
    </parameter>
    <parameter id="SWE_OUTPUT_TS_INTERVAL">
      <intValue>6</intValue>
    </parameter>
    <parameter id="UADJ">
      <dblValue>0.03</dblValue>
    </parameter>
    <parameter id="MFMIN">
      <dblValue>0.1</dblValue>
    </parameter>
    <parameter id="SNSG_OUTPUT_TS_INTERVAL">
      <intValue>6</intValue>
    </parameter>
    <parameter id="WETOL[0., 1.0]">
      <dblValue>0.05</dblValue>
    </parameter>
    <parameter id="NMF">
      <dblValue>0.3</dblValue>
    </parameter>
    <parameter id="AREA_ELEV_CURVE(METR)">
      <table>
        <columnTypes A="double" B="double"/>
        <row A="610.0" B="0.0"/>
        <row A="615.0" B="0.05"/>
        <row A="631.0" B="0.15"/>
        <row A="646.0" B="0.25"/>
        <row A="675.0" B="0.4"/>
        <row A="707.0" B="0.55"/>
        <row A="745.0" B="0.7"/>
        <row A="760.0" B="0.75"/>
        <row A="778.0" B="0.8"/>
        <row A="802.0" B="0.85"/>
        <row A="830.0" B="0.9"/>
        <row A="872.0" B="0.95"/>
        <row A="1007.0" B="1.0"/>
      </table>
    </parameter>
    <parameter id="SCTOL[0., 1.0]">
      <dblValue>0.05</dblValue>
    </parameter>
    <parameter id="ALAT">
      <dblValue>64.8</dblValue>
    </parameter>
    <parameter id="MFMAX">
      <dblValue>0.85</dblValue>
    </parameter>
    <parameter id="PLWHC">
      <dblValue>0.05</dblValue>
    </parameter>
    <parameter id="RAIN_SNOW_ELEV_INPUT_OPTION">
      <boolValue>true</boolValue>
    </parameter>
    <parameter id="DAYGM">
      <dblValue>0.0</dblValue>
    </parameter>
    <parameter id="AREA_DEPLETION_CURVE">
      <table>
        <columnTypes A="double"/>
        <row A="0.05"/>
        <row A="0.28"/>
        <row A="0.4"/>
        <row A="0.47"/>
        <row A="0.53"/>
        <row A="0.59"/>
        <row A="0.64"/>
        <row A="0.69"/>
        <row A="0.74"/>
        <row A="0.85"/>
        <row A="1.0"/>
      </table>
    </parameter>
  </group>
</parameters>