<?xml version="1.0" encoding="utf-8"?>
<parameters version="1.5" xsi:schemaLocation="http://www.wldelft.nl/fews/PI pi_modelparameters.xsd" xmlns:xsi="http://www.w3.org/2001/XMLSchema-instance" xmlns="http://www.wldelft.nl/fews/PI">
  <modifierType>BASEFLOW</modifierType>
  <modifierType>UNITHG</modifierType>
  <group id= "default">
    <parameter id="UHG_DURATION">
      <intValue>6</intValue>
    </parameter>
    <parameter id="UNIT">
      <stringValue>ENGLISH</stringValue>
    </parameter>
    <parameter id="UHG_INTERVAL">
      <intValue>6</intValue>
    </parameter>
    <parameter id="DRAINAGE_AREA">
      <dblValue>1013.0</dblValue>
    </parameter>
    <parameter id="CONSTANT_BASE_FLOW">
      <dblValue>0.0</dblValue>
    </parameter>
    <parameter id="UHG_ORDINATES">
      <table>
        <columnTypes A="double"/>
        <row A="1907.0"/>
        <row A="5244.0"/>
        <row A="28486.0"/>
        <row A="22598.0"/>
        <row A="16496.0"/>
        <row A="11347.0"/>
        <row A="8248.0"/>
        <row A="6341.0"/>
        <row A="4911.0"/>
        <row A="3623.0"/>
        <row A="2503.0"/>
        <row A="1621.0"/>
        <row A="620.0"/>
        <row A="0.0"/>
      </table>
    </parameter>
  </group>
</parameters>