<?xml version="1.0" encoding="utf-8"?>
<parameters version="1.5" xsi:schemaLocation="http://www.wldelft.nl/fews/PI http://chps1/schemas/pi-schemas/pi_modelparameters.xsd" xmlns:xsi="http://www.w3.org/2001/XMLSchema-instance" xmlns="http://www.wldelft.nl/fews/PI">
	<group id="default">
		<parameter id="TALMIN">
			<dblValue>0.5</dblValue>
		</parameter>
		<parameter id="TAELEV">
			<dblValue>1634.9</dblValue>
		</parameter>
		<parameter id="TIPM">
			<dblValue>0.1</dblValue>
		</parameter>
		<parameter id="TALMAX">
			<dblValue>0.6</dblValue>
		</parameter>
		<parameter id="SASC_OUTPUT_TS_INTERVAL">
			<intValue>6</intValue>
		</parameter>
		<parameter id="PXTEMP">
			<dblValue>1.7</dblValue>
		</parameter>
		<parameter id="AREA_ELEV_CURVE(METR)">
			<table>
				<columnTypes A="double" B="double"/>
				<row A="357" B="0"/>
				<row A="554" B="0.05"/>
				<row A="767" B="0.1"/>
				<row A="934" B="0.15"/>
				<row A="1085" B="0.2"/>
				<row A="1222" B="0.25"/>
				<row A="1313" B="0.3"/>
				<row A="1404" B="0.35"/>
				<row A="1480" B="0.4"/>
				<row A="1556" B="0.45"/>
				<row A="1635" B="0.5"/>
				<row A="1708" B="0.55"/>
				<row A="1784" B="0.6"/>
				<row A="1875" B="0.65"/>
				<row A="1981" B="0.7"/>
				<row A="2087" B="0.75"/>
				<row A="2209" B="0.8"/>
				<row A="2330" B="0.85"/>
				<row A="2467" B="0.9"/>
				<row A="2679" B="0.95"/>
				<row A="3985" B="1"/>
			</table>
		</parameter>
		<parameter id="PXADJ">
			<dblValue>1.0</dblValue>
		</parameter>
		<parameter id="ELEV">
			<dblValue>1634.9</dblValue>
		</parameter>
		<parameter id="UADJ">
			<dblValue>0.12</dblValue>
		</parameter>
		<parameter id="MFMIN">
			<dblValue>0.1</dblValue>
		</parameter>
		<parameter id="NMF">
			<dblValue>0.25</dblValue>
		</parameter>
		<parameter id="WETOL[0., 1.0]">
			<dblValue>0.0</dblValue>
		</parameter>
		<parameter id="ALAT">
			<dblValue>61.3</dblValue>
		</parameter>
		<parameter id="PLWHC">
			<dblValue>0.05</dblValue>
		</parameter>
		<parameter id="MV">
			<intValue>0</intValue>
		</parameter>
		<parameter id="MBASE">
			<dblValue>0.0</dblValue>
		</parameter>
		<parameter id="SCF">
			<dblValue>1.0</dblValue>
		</parameter>
		<parameter id="SI">
			<dblValue>0.0</dblValue>
		</parameter>
		<parameter id="SWE_OUTPUT_TS_INTERVAL">
			<intValue>6</intValue>
		</parameter>
		<parameter id="SNSG_OUTPUT_TS_INTERVAL">
			<intValue>6</intValue>
		</parameter>
		<parameter id="SCTOL[0., 1.0]">
			<dblValue>0.0</dblValue>
		</parameter>
		<parameter id="MFMAX">
			<dblValue>0.8</dblValue>
		</parameter>
		<parameter id="RAIN_SNOW_ELEV_INPUT_OPTION">
			<boolValue>true</boolValue>
		</parameter>
		<parameter id="DAYGM">
			<dblValue>0.0</dblValue>
		</parameter>
		<parameter id="AREA_DEPLETION_CURVE">
			<table>
				<columnTypes A="double"/>
				<row A="0.05"/>
				<row A="0.1"/>
				<row A="0.2"/>
				<row A="0.31"/>
				<row A="0.39"/>
				<row A="0.45"/>
				<row A="0.5"/>
				<row A="0.57"/>
				<row A="0.67"/>
				<row A="0.81"/>
				<row A="1.0"/>
			</table>
		</parameter>
	</group>
</parameters>
