<?xml version="1.0" encoding="UTF-8"?>
<parameters
    xsi:schemaLocation="http://www.wldelft.nl/fews/PI http://fews.wldelft.nl/schemas/version1.0/pi-schemas/pi_modelparameters.xsd"
    version="1.5" xmlns="http://www.wldelft.nl/fews/PI" xmlns:xsi="http://www.w3.org/2001/XMLSchema-instance">
    <group id="default">
        <parameter id="MV">
            <description></description>
            <intValue>0</intValue>
        </parameter>
        <parameter id="MBASE">
            <description></description>
            <dblValue>0.0</dblValue>
        </parameter>
        <parameter id="TAELEV">
            <description></description>
            <dblValue>385.0</dblValue>
        </parameter>
        <parameter id="TALMAX">
            <description></description>
            <dblValue>0.35</dblValue>
        </parameter>
        <parameter id="TALMIN">
            <description></description>
            <dblValue>0.25</dblValue>
        </parameter>
        <parameter id="TIPM">
            <description></description>
            <dblValue>0.1</dblValue>
        </parameter>
        <parameter id="SCF">
            <description></description>
            <dblValue>1.0</dblValue>
        </parameter>
        <parameter id="PXTEMP">
            <description></description>
            <dblValue>1.7</dblValue>
        </parameter>
        <parameter id="SASC_OUTPUT_TS_INTERVAL">
            <description></description>
            <intValue>6</intValue>
        </parameter>
        <parameter id="SI">
            <description></description>
            <dblValue>0.0</dblValue>
        </parameter>
        <parameter id="ELEV">
            <description></description>
            <dblValue>1031.0</dblValue>
        </parameter>
        <parameter id="PXADJ">
            <description></description>
            <dblValue>1.0</dblValue>
        </parameter>
        <parameter id="SWE_OUTPUT_TS_INTERVAL">
            <description></description>
            <intValue>6</intValue>
        </parameter>
        <parameter id="UADJ">
            <description></description>
            <dblValue>0.2</dblValue>
        </parameter>
        <parameter id="MFMIN">
            <description></description>
            <dblValue>0.05</dblValue>
        </parameter>
        <parameter id="SNSG_OUTPUT_TS_INTERVAL">
            <description></description>
            <intValue>6</intValue>
        </parameter>
        <parameter id="WETOL[0., 1.0]">
            <description></description>
            <dblValue>0.0</dblValue>
        </parameter>
        <parameter id="NMF">
            <description></description>
            <dblValue>0.15</dblValue>
        </parameter>
        <parameter id="AREA_ELEV_CURVE(METR)">
            <description></description>
            <table>
                <columnTypes A="double" B="double"/>
                <row A="391.0" B="0.0"/>
                <row A="762.0" B="0.25"/>
                <row A="957.0" B="0.38"/>
                <row A="1164.0" B="0.57"/>
                <row A="1237.0" B="0.64"/>
                <row A="1371.0" B="0.85"/>
                <row A="1526.0" B="1."/>
            </table>
        </parameter>
        <parameter id="SCTOL[0., 1.0]">
            <description></description>
            <dblValue>0.0</dblValue>
        </parameter>
        <parameter id="ALAT">
            <description></description>
            <dblValue>59.7</dblValue>
        </parameter>
        <parameter id="MFMAX">
            <description></description>
            <dblValue>1.2</dblValue>
        </parameter>
        <parameter id="PLWHC">
            <description></description>
            <dblValue>0.0</dblValue>
        </parameter>
        <parameter id="RAIN_SNOW_ELEV_INPUT_OPTION">
            <description></description>
            <boolValue>true</boolValue>
        </parameter>
        <parameter id="DAYGM">
            <description></description>
            <dblValue>0.0</dblValue>
        </parameter>
        <parameter id="AREA_DEPLETION_CURVE">
            <description></description>
            <table>
                <columnTypes A="double"/>
                <row A="1.00"/>
                <row A="1.00"/>
                <row A="1.00"/>
                <row A="1.00"/>
                <row A="1.00"/>
                <row A="1.00"/>
                <row A="1.00"/>
                <row A="1.00"/>
                <row A="1.00"/>
                <row A="1.00"/>
                <row A="1.0"/>
            </table>
        </parameter>
    </group>
</parameters>
