<?xml version="1.0" encoding="UTF-8"?>
<parameters
    xsi:schemaLocation="http://www.wldelft.nl/fews/PI http://fews.wldelft.nl/schemas/version1.0/pi-schemas/pi_modelparameters.xsd"
    version="1.5" xmlns="http://www.wldelft.nl/fews/PI" xmlns:xsi="http://www.w3.org/2001/XMLSchema-instance">
    <group id="default">
        <parameter id="TALMIN">
            <description></description>
            <dblValue>0.25</dblValue>
        </parameter>
        <parameter id="TAELEV">
            <description></description>
            <dblValue>1794.0</dblValue>
        </parameter>
        <parameter id="TIPM">
            <description></description>
            <dblValue>0.1</dblValue>
        </parameter>
        <parameter id="TALMAX">
            <description></description>
            <dblValue>0.65</dblValue>
        </parameter>
        <parameter id="SASC_OUTPUT_TS_INTERVAL">
            <description></description>
            <intValue>6</intValue>
        </parameter>
        <parameter id="PXTEMP">
            <description></description>
            <dblValue>1.7</dblValue>
        </parameter>
        <parameter id="PXADJ">
            <description></description>
            <dblValue>1.0</dblValue>
        </parameter>
        <parameter id="ELEV">
            <description></description>
            <dblValue>1794.0</dblValue>
        </parameter>
        <parameter id="UADJ">
            <description></description>
            <dblValue>0.15</dblValue>
        </parameter>
        <parameter id="MFMIN">
            <description></description>
            <dblValue>0.1</dblValue>
        </parameter>
        <parameter id="NMF">
            <description></description>
            <dblValue>0.15</dblValue>
        </parameter>
        <parameter id="WETOL[0., 1.0]">
            <description></description>
            <dblValue>0.0</dblValue>
        </parameter>
        <parameter id="ALAT">
            <description></description>
            <dblValue>59.9</dblValue>
        </parameter>
        <parameter id="PLWHC">
            <description></description>
            <dblValue>0.0</dblValue>
        </parameter>
        <parameter id="MV">
            <description></description>
            <intValue>0</intValue>
        </parameter>
        <parameter id="MBASE">
            <description></description>
            <dblValue>0.0</dblValue>
        </parameter>
        <parameter id="SCF">
            <description></description>
            <dblValue>0.8</dblValue>
        </parameter>
        <parameter id="SI">
            <description></description>
            <dblValue>0.0</dblValue>
        </parameter>
        <parameter id="SWE_OUTPUT_TS_INTERVAL">
            <description></description>
            <intValue>6</intValue>
        </parameter>
        <parameter id="SNSG_OUTPUT_TS_INTERVAL">
            <description></description>
            <intValue>6</intValue>
        </parameter>
        <parameter id="AREA_ELEV_CURVE(METR)">
            <description></description>
            <table>
                <columnTypes A="double" B="double"/>
                <row A="1220.0" B="0.0"/>
                <row A="1251.0" B="0.05"/>
                <row A="1284.0" B="0.13"/>
                <row A="1327.0" B="0.18"/>
                <row A="1363.0" B="0.26"/>
                <row A="1465.0" B="0.38"/>
                <row A="1480.0" B="0.43"/>
                <row A="1728.0" B="0.7"/>
                <row A="1981.0" B="0.9"/>
                <row A="2095.0" B="0.96"/>
                <row A="2166.0" B="0.98"/>
                <row A="2257.0" B="1.0"/>
            </table>
        </parameter>
        <parameter id="SCTOL[0., 1.0]">
            <description></description>
            <dblValue>0.0</dblValue>
        </parameter>
        <parameter id="MFMAX">
            <description></description>
            <dblValue>0.55</dblValue>
        </parameter>
        <parameter id="RAIN_SNOW_ELEV_INPUT_OPTION">
            <description></description>
            <boolValue>true</boolValue>
        </parameter>
        <parameter id="DAYGM">
            <description></description>
            <dblValue>0.0</dblValue>
        </parameter>
        <parameter id="AREA_DEPLETION_CURVE">
            <description></description>
            <table>
                <columnTypes A="double"/>
                <row A="0.05"/>
                <row A="0.2"/>
                <row A="0.3"/>
                <row A="0.37"/>
                <row A="0.43"/>
                <row A="0.48"/>
                <row A="0.53"/>
                <row A="0.57"/>
                <row A="0.63"/>
                <row A="0.73"/>
                <row A="1.0"/>
            </table>
        </parameter>
    </group>
</parameters>
