<?xml version="1.0" encoding="utf-8"?>
<parameters version="1.5" xsi:schemaLocation="http://www.wldelft.nl/fews/PI pi_modelparameters.xsd" xmlns:xsi="http://www.w3.org/2001/XMLSchema-instance" xmlns="http://www.wldelft.nl/fews/PI">
  <group id="default">
        <!--basin definition parameters-->
    <parameter id="ELEV">
      <dblValue>273.0</dblValue>
    </parameter>
    <parameter id="ALAT">
      <dblValue>60.6</dblValue>
    </parameter>
    <parameter id="TAELEV">
      <dblValue>273.0</dblValue>
    </parameter>
    <!--major parameters-->
    <parameter id="PXADJ">
      <dblValue>1.1</dblValue>
    </parameter>
    <parameter id="SCF">
      <dblValue>0.6</dblValue>
    </parameter>
    <parameter id="MFMAX">
      <dblValue>1.0</dblValue>
    </parameter>
    <parameter id="MFMIN">
      <dblValue>0.5</dblValue>
    </parameter>
    <parameter id="UADJ">
      <dblValue>0.10</dblValue>
    </parameter>
    <parameter id="SI">
      <dblValue>9999.0</dblValue>
    </parameter>
    <!--minor parameters-->
    <parameter id="NMF">
      <dblValue>0.15</dblValue>
    </parameter>
    <parameter id="TIPM">
      <dblValue>0.1</dblValue>
    </parameter> 
    <parameter id="MBASE">
      <dblValue>0.0</dblValue>
    </parameter>
    <parameter id="PXTEMP">
      <dblValue>3.0</dblValue>
    </parameter>
    <parameter id="PLWHC">
      <dblValue>0.05</dblValue>
    </parameter>
    <parameter id="DAYGM">
      <dblValue>0.0</dblValue>
    </parameter>
    <parameter id="AREA_DEPLETION_CURVE">
      <table>
        <columnTypes A="double"/>
        <row A="0.05"/>
        <row A="0.19"/>
        <row A="0.34"/>
        <row A="0.47"/>
        <row A="0.55"/>
        <row A="0.60"/>
        <row A="0.65"/>
        <row A="0.69"/>
        <row A="0.73"/>
        <row A="0.80"/>
        <row A="1.0"/>
      </table>
    </parameter>
    <parameter id="AREA_ELEV_CURVE(METR)">
      <table>
        <columnTypes A="double" B="double"/>
        <row A="0.0" B="0.0"/>
        <row A="132.0" B="0.30"/>
        <row A="425.0" B="0.95"/>
        <row A="500.0" B="1.0"/>
      </table>
    </parameter>
<!--snow cover conditions-->
    <parameter id="WETOL[0., 1.0]">
      <dblValue>0.0</dblValue>
    </parameter>  
    <parameter id="MV">
      <intValue>0</intValue>
    </parameter>
    <parameter id="SCTOL[0., 1.0]">
      <dblValue>0.0</dblValue>
    </parameter>
<!--inputs/outputs-->
    <parameter id="SASC_OUTPUT_TS_INTERVAL">
      <intValue>6</intValue>
    </parameter>
    <parameter id="SWE_OUTPUT_TS_INTERVAL">
      <intValue>6</intValue>
    </parameter>
    <parameter id="SNSG_OUTPUT_TS_INTERVAL">
      <intValue>6</intValue>
    </parameter>
    <parameter id="RAIN_SNOW_ELEV_INPUT_OPTION">
      <boolValue>true</boolValue>
    </parameter>
  </group>
</parameters>