<?xml version="1.0" encoding="utf-8"?>
<parameters version="1.5" xsi:schemaLocation="http://www.wldelft.nl/fews/PI pi_modelparameters.xsd" xmlns:xsi="http://www.w3.org/2001/XMLSchema-instance" xmlns="http://www.wldelft.nl/fews/PI">
  <group id="default">
    <parameter id="MV">
      <intValue>0</intValue>
    </parameter>
    <parameter id="MBASE">
      <dblValue>0.0</dblValue>
    </parameter>
    <parameter id="TAELEV">
      <dblValue>2809.0</dblValue>
    </parameter>
    <parameter id="TIPM">
      <dblValue>0.1</dblValue>
    </parameter>
    <parameter id="SCF">
      <dblValue>1.5</dblValue>
    </parameter>
    <parameter id="PXTEMP">
      <dblValue>1.7</dblValue>
    </parameter>
    <parameter id="SASC_OUTPUT_TS_INTERVAL">
      <intValue>6</intValue>
    </parameter>
    <parameter id="SI">
      <dblValue>9999.0</dblValue>
    </parameter>
    <parameter id="ELEV">
      <dblValue>2809.0</dblValue>
    </parameter>
    <parameter id="PXADJ">
      <dblValue>1.25</dblValue>
    </parameter>
    <parameter id="SWE_OUTPUT_TS_INTERVAL">
      <intValue>6</intValue>
    </parameter>
    <parameter id="UADJ">
      <dblValue>0.15</dblValue>
    </parameter>
    <parameter id="MFMIN">
      <dblValue>0.1</dblValue>
    </parameter>
    <parameter id="SNSG_OUTPUT_TS_INTERVAL">
      <intValue>6</intValue>
    </parameter>
    <parameter id="WETOL[0., 1.0]">
      <dblValue>0.0</dblValue>
    </parameter>
    <parameter id="NMF">
      <dblValue>0.15</dblValue>
    </parameter>
    <parameter id="AREA_ELEV_CURVE(METR)">
      <table>
        <columnTypes A="double" B="double"/>
        <row A="610.0" B="0.0"/>
        <row A="641.0" B="0.1"/>
        <row A="997.0" B="0.8"/>
        <row A="1169.0" B="0.9"/>
        <row A="1298.0" B="1.0"/>
      </table>
    </parameter>
    <parameter id="SCTOL[0., 1.0]">
      <dblValue>0.0</dblValue>
    </parameter>
    <parameter id="ALAT">
      <dblValue>59.7</dblValue>
    </parameter>
    <parameter id="MFMAX">
      <dblValue>0.75</dblValue>
    </parameter>
    <parameter id="PLWHC">
      <dblValue>0.05</dblValue>
    </parameter>
    <parameter id="RAIN_SNOW_ELEV_INPUT_OPTION">
      <boolValue>true</boolValue>
    </parameter>
    <parameter id="DAYGM">
      <dblValue>0.0</dblValue>
    </parameter>
    <parameter id="AREA_DEPLETION_CURVE">
      <table>
        <columnTypes A="double"/>
        <row A="0.05"/>
        <row A="0.14"/>
        <row A="0.19"/>
        <row A="0.23"/>
        <row A="0.32"/>
        <row A="0.44"/>
        <row A="0.65"/>
        <row A="0.75"/>
        <row A="0.87"/>
        <row A="0.96"/>
        <row A="1.0"/>
      </table>
    </parameter>
  </group>
</parameters>