<?xml version="1.0" encoding="utf-8"?>
<parameters version="1.5" xsi:schemaLocation="http://www.wldelft.nl/fews/PI pi_modelparameters.xsd" xmlns:xsi="http://www.w3.org/2001/XMLSchema-instance" xmlns="http://www.wldelft.nl/fews/PI">
  <modifierType>BASEFLOW</modifierType>
  <modifierType>UNITHG</modifierType>
  <group id= "default">
    <parameter id="UHG_DURATION">
      <intValue>6</intValue>
    </parameter>
    <parameter id="UNIT">
      <stringValue>ENGLISH</stringValue>
    </parameter>
    <parameter id="UHG_INTERVAL">
      <intValue>6</intValue>
    </parameter>
    <parameter id="DRAINAGE_AREA">
      <dblValue>837.0</dblValue>
    </parameter>
    <parameter id="CONSTANT_BASE_FLOW">
      <dblValue>0.0</dblValue>
    </parameter>
    <parameter id="UHG_ORDINATES">
      <table>
        <columnTypes A="double"/>
        <row A="0.0"/>
        <row A="690.0"/>
        <row A="1971.0"/>
        <row A="3917.0"/>
        <row A="7291.0"/>
        <row A="11208.0"/>
        <row A="13745.0"/>
        <row A="12341.0"/>
        <row A="10099.0"/>
        <row A="8005.0"/>
        <row A="6035.0"/>
        <row A="4360.0"/>
        <row A="3079.0"/>
        <row A="2242.0"/>
        <row A="1675.0"/>
        <row A="1256.0"/>
        <row A="837.0"/>
        <row A="616.0"/>
        <row A="419.0"/>
        <row A="172.0"/>
        <row A="0.0"/>
        <row A="0.0"/>
        <row A="0.0"/>
        <row A="0.0"/>
        <row A="0.0"/>
        <row A="0.0"/>
        <row A="0.0"/>
        <row A="0.0"/>
      </table>
    </parameter>
  </group>
</parameters>